name,version
altinity/clickhouse-server,23.3.13.7.altinitystable
altinity/clickhouse-server,22.8.15.25.altinitystable
altinity/clickhouse-server,22.8.20.12.altinitystable
altinity/clickhouse-server,23.3.8.22.altinitystable
altinity/clickhouse-server,22.8.13.21.altinitystable
altinity/clickhouse-server,22.3.15.34.altinitystable
altinity/clickhouse-server,22.3.12.21.altinitystable
altinity/clickhouse-server,22.3.12.20.altinitystable
altinity/clickhouse-server,22.3.10.24.altinitystable
altinity/clickhouse-server,22.3.8.40.altinitystable
altinity/clickhouse-server,21.1.11.3.altinitystable
altinity/clickhouse-server,21.8.15.15.altinitystable
altinity/clickhouse-server,21.3.20.2.altinitystable
altinity/clickhouse-server,21.8.13.1.altinitystable
altinity/clickhouse-server,21.8.12.29.altinitystable
altinity/clickhouse-server,21.8.11.1.altinitystable
altinity/clickhouse-server,21.1.10.3.altinitystable
altinity/clickhouse-server,21.8.10.1.altinitystable
altinity/clickhouse-server,21.3.17.3.altinitystable
altinity/clickhouse-server,21.8.8.1.altinitystable
altinity/clickhouse-server,21.3.15.4.altinity_stable
altinity/clickhouse-server,21.3.15.2.altinity_stable
altinity/clickhouse-server,21.3.13.9.altinity_stable
altinity/clickhouse-server,21.1.10.3.altinity_stable
yandex/clickhouse-server,21.3.20.1
yandex/clickhouse-server,21.8.14.5
yandex/clickhouse-server,21.11.11.1
yandex/clickhouse-server,21.12.4.1
yandex/clickhouse-server,22.1.3.7
yandex/clickhouse-server,22.1.2.2
yandex/clickhouse-server,21.11.10.1
yandex/clickhouse-server,21.11.9.1
yandex/clickhouse-server,21.12.3.32
yandex/clickhouse-server,21.8.13.6
yandex/clickhouse-server,21.11.8.4
yandex/clickhouse-server,21.12.2.17
yandex/clickhouse-server,21.11.7.9
yandex/clickhouse-server,21.11.6.7
yandex/clickhouse-server,21.10.5.3
yandex/clickhouse-server,21.3.19.1
yandex/clickhouse-server,21.8.12.29
yandex/clickhouse-server,21.9.6.24
yandex/clickhouse-server,21.10.4.26
yandex/clickhouse-server,21.11.5.33
yandex/clickhouse-server,21.8.11.4
yandex/clickhouse-server,21.10.3.9
yandex/clickhouse-server,21.11.4.14
yandex/clickhouse-server,21.11.3.6
yandex/clickhouse-server,21.11.2.2
yandex/clickhouse-server,21.8.10.19
yandex/clickhouse-server,21.3.18.4
yandex/clickhouse-server,21.8.9.13
yandex/clickhouse-server,21.9.5.16
yandex/clickhouse-server,21.10.2.15
yandex/clickhouse-server,21.8.8.29
yandex/clickhouse-server,21.7.11.3
yandex/clickhouse-server,21.8.7.22
yandex/clickhouse-server,21.9.4.35
yandex/clickhouse-server,21.7.10.4
yandex/clickhouse-server,21.8.6.15
yandex/clickhouse-server,21.9.3.30
yandex/clickhouse-server,21.3.17.2
yandex/clickhouse-server,21.9.2.17
yandex/clickhouse-server,21.3.16.5
yandex/clickhouse-server,21.6.9.7
yandex/clickhouse-server,21.8.5.7
yandex/clickhouse-server,21.7.9.7
yandex/clickhouse-server,21.7.8.58
yandex/clickhouse-server,21.8.4.51
yandex/clickhouse-server,21.8.3.44
yandex/clickhouse-server,21.7.7.47
yandex/clickhouse-server,21.7.6.39
yandex/clickhouse-server,21.7.5.29
yandex/clickhouse-server,21.7.4.18
yandex/clickhouse-server,21.6.8.62
yandex/clickhouse-server,21.7.3.14
yandex/clickhouse-server,20.8.19.4
yandex/clickhouse-server,21.5.9.4
yandex/clickhouse-server,21.3.15.4
yandex/clickhouse-server,21.6.7.57
yandex/clickhouse-server,21.7.2.7
yandex/clickhouse-server,21.3.14.1
yandex/clickhouse-server,21.5.8.21
yandex/clickhouse-server,21.6.6.51
yandex/clickhouse-server,21.3.13.9
yandex/clickhouse-server,21.5.7.9
yandex/clickhouse-server,21.6.5.37
yandex/clickhouse-server,21.6.4.26
yandex/clickhouse-server,21.6.3.14
yandex/clickhouse-server,21.5.6.6
yandex/clickhouse-server,21.3.12.2
yandex/clickhouse-server,21.5.5.12
yandex/clickhouse-server,21.4.7.3
yandex/clickhouse-server,21.3.11.5
yandex/clickhouse-server,21.3.10.1
yandex/clickhouse-server,21.3.9.83
yandex/clickhouse-server,21.4.6.55
yandex/clickhouse-server,21.3.8.76
yandex/clickhouse-server,21.4.5.46
yandex/clickhouse-server,20.8.18.32
yandex/clickhouse-server,21.2.10.48
yandex/clickhouse-server,21.3.7.62
yandex/clickhouse-server,21.4.4.30
yandex/clickhouse-server,21.1.9.41
yandex/clickhouse-server,21.2.9.41
yandex/clickhouse-server,21.4.3.21
yandex/clickhouse-server,21.3.6.55
yandex/clickhouse-server,20.8.17.25
yandex/clickhouse-server,21.1.8.30
yandex/clickhouse-server,21.2.8.31
yandex/clickhouse-server,21.3.5.42
yandex/clickhouse-server,20.8.16.20
yandex/clickhouse-server,20.8.15.11
yandex/clickhouse-server,21.2.7.11
yandex/clickhouse-server,21.3.4.25
yandex/clickhouse-server,21.3.3.14
yandex/clickhouse-server,21.1.7.1
yandex/clickhouse-server,21.2.6.1
yandex/clickhouse-server,21.3.2.5
yandex/clickhouse-server,20.8.14.4
yandex/clickhouse-server,20.12.8.5
yandex/clickhouse-server,21.1.6.13
yandex/clickhouse-server,21.2.5.5
yandex/clickhouse-server,20.8.13.15
yandex/clickhouse-server,20.12.7.3
yandex/clickhouse-server,21.1.5.4
yandex/clickhouse-server,21.2.4.6
yandex/clickhouse-server,20.12.6.29
yandex/clickhouse-server,21.1.4.46
yandex/clickhouse-server,21.2.3.15
yandex/clickhouse-server,21.2.2.8
yandex/clickhouse-server,20.12.5.18
yandex/clickhouse-server,21.1.3.32
yandex/clickhouse-server,21.1.2.15
yandex/clickhouse-server,20.8.12.2
yandex/clickhouse-server,20.8.11.17
yandex/clickhouse-server,20.8.10.13
yandex/clickhouse-server,20.10.7.4
yandex/clickhouse-server,20.11.6.6
yandex/clickhouse-server,20.12.4.5
yandex/clickhouse-server,20.8.9.6
yandex/clickhouse-server,20.12.3.3
yandex/clickhouse-server,20.6.11.1
yandex/clickhouse-server,20.12.2.1
yandex/clickhouse-server,20.8.8.2
yandex/clickhouse-server,20.9.7.11
yandex/clickhouse-server,20.10.6.27
yandex/clickhouse-server,20.11.5.18
yandex/clickhouse-server,20.8.7.15
yandex/clickhouse-server,20.9.6.14
yandex/clickhouse-server,20.10.5.10
yandex/clickhouse-server,20.11.4.13
yandex/clickhouse-server,20.6.10.2
yandex/clickhouse-server,20.8.6.6
yandex/clickhouse-server,20.9.5.5
yandex/clickhouse-server,20.10.4.1
yandex/clickhouse-server,20.11.3.3
yandex/clickhouse-server,20.11.2.1
yandex/clickhouse-server,20.6.9.1
yandex/clickhouse-server,20.3.21.2
yandex/clickhouse-server,20.8.5.45
yandex/clickhouse-server,20.9.4.76
yandex/clickhouse-server,20.10.3.30
yandex/clickhouse-server,20.10.2.20
yandex/clickhouse-server,20.6.8.5
yandex/clickhouse-server,20.3.20.6
yandex/clickhouse-server,20.7.4.11
yandex/clickhouse-server,20.8.4.11
yandex/clickhouse-server,20.9.3.45
yandex/clickhouse-server,20.9.2.20
yandex/clickhouse-server,20.3.19.4
yandex/clickhouse-server,20.6.7.4
yandex/clickhouse-server,20.7.3.7
yandex/clickhouse-server,20.8.3.18
yandex/clickhouse-server,20.6.6.7
yandex/clickhouse-server,20.3.18.10
yandex/clickhouse-server,20.8.2.3
yandex/clickhouse-server,20.6.5.8
yandex/clickhouse-server,20.7.2.30
yandex/clickhouse-server,20.6.4.44
yandex/clickhouse-server,20.5.5.74
yandex/clickhouse-server,20.4.9.110
yandex/clickhouse-server,20.3.17.173
yandex/clickhouse-server,20.3.16.165
yandex/clickhouse-server,20.4.8.99
yandex/clickhouse-server,20.6.3.28
yandex/clickhouse-server,20.5.4.40
yandex/clickhouse-server,20.3.15.133
yandex/clickhouse-server,20.5.3.27
yandex/clickhouse-server,19.17.10.1
yandex/clickhouse-server,19.17.10
yandex/clickhouse-server,20.3.14.130
yandex/clickhouse-server,19.14.13.4
yandex/clickhouse-server,19.14.13
yandex/clickhouse-server,20.3.13.127
yandex/clickhouse-server,20.4.7.67
yandex/clickhouse-server,19.14.12
yandex/clickhouse-server,19.14.12.2
yandex/clickhouse-server,20.5.2.7
yandex/clickhouse-server,20.1.16.120
yandex/clickhouse-server,20.3.12.112
yandex/clickhouse-server,20.4.6.53
yandex/clickhouse-server,20.1.15.109
yandex/clickhouse-server,20.1.14.107
yandex/clickhouse-server,20.1.13.105
yandex/clickhouse-server,20.3.11.97
yandex/clickhouse-server,20.4.5.36
yandex/clickhouse-server,20.1.12.86
yandex/clickhouse-server,20.4.4.18
yandex/clickhouse-server,20.3.10.75
yandex/clickhouse-server,20.4.3.16
yandex/clickhouse-server,20.3.9.70
yandex/clickhouse-server,20.4.2.9
yandex/clickhouse-server,19.16.19.85
yandex/clickhouse-server,19.16.18.83
yandex/clickhouse-server,20.1.11.73
yandex/clickhouse-server,20.3.8.53
yandex/clickhouse-server,19.16.17.80
yandex/clickhouse-server,20.1.10.70
yandex/clickhouse-server,20.3.7.46
yandex/clickhouse-server,20.1.9.54
yandex/clickhouse-server,20.3.5.21
yandex/clickhouse-server,19.16.16.72
yandex/clickhouse-server,19.16.15.69
yandex/clickhouse-server,20.1.8.41
yandex/clickhouse-server,20.3.4.10
yandex/clickhouse-server,20.1.7.38
yandex/clickhouse-server,20.3.3.6
yandex/clickhouse-server,20.3.2.1
yandex/clickhouse-server,19.16.14.65
yandex/clickhouse-server,20.1.6.3
yandex/clickhouse-server,20.1.5.26
yandex/clickhouse-server,19.16.13.54
yandex/clickhouse-server,19.17.9.6
yandex/clickhouse-server,20.1.4.14
yandex/clickhouse-server,19.16.12.49
yandex/clickhouse-server,20.1.3.7
yandex/clickhouse-server,19.17.8.54
yandex/clickhouse-server,20.1.2.4
yandex/clickhouse-server,19.16.11.47
yandex/clickhouse-server,19.17.7.52
yandex/clickhouse-server,19.16.10.44
yandex/clickhouse-server,19.15.7.3
yandex/clickhouse-server,19.17.6.36
yandex/clickhouse-server,19.14.9.12
yandex/clickhouse-server,19.16.9.37
yandex/clickhouse-server,19.16.8.34
yandex/clickhouse-server,19.17.5.18
yandex/clickhouse-server,19.16.7.24
yandex/clickhouse-server,19.11.14.1
yandex/clickhouse-server,19.16.6.17
yandex/clickhouse-server,19.15.6.21
yandex/clickhouse-server,19.16.5.15
yandex/clickhouse-server,19.17.4.11
yandex/clickhouse-server,19.15.5.18
yandex/clickhouse-server,19.16.4.12
yandex/clickhouse-server,19.17.3.7
yandex/clickhouse-server,19.17.2.4
yandex/clickhouse-server,19.16.3.6
yandex/clickhouse-server,19.13.7.57
yandex/clickhouse-server,19.11.13.74
yandex/clickhouse-server,19.16.2.2
yandex/clickhouse-server,19.15.3.6
yandex/clickhouse-server,19.14.7.15
yandex/clickhouse-server,19.13.6.51
yandex/clickhouse-server,19.11.12.69
yandex/clickhouse-server,19.15.2.2
yandex/clickhouse-server,19.13.5.44
yandex/clickhouse-server,19.14.6.12
yandex/clickhouse-server,19.11.11.57
yandex/clickhouse-server,19.14.3.3
yandex/clickhouse-server,19.11.10.54
yandex/clickhouse-server,19.13.4.32
yandex/clickhouse-server,19.11.9.52
yandex/clickhouse-server,19.13.3.26
yandex/clickhouse-server,19.11.8.46
yandex/clickhouse-server,19.13.2.19
yandex/clickhouse-server,19.11.7.4
yandex/clickhouse-server,19.11.6.31
yandex/clickhouse-server,19.13.1.11
yandex/clickhouse-server,19.11.5.28
yandex/clickhouse-server,19.11.4.24
yandex/clickhouse-server,19.9.5.36
yandex/clickhouse-server,19.11.3.11
yandex/clickhouse-server,19.11.2.7
yandex/clickhouse-server,19.10.1.5
yandex/clickhouse-server,19.9.4.34
yandex/clickhouse-server,19.9.3.31
yandex/clickhouse-server,19.7.5.29
yandex/clickhouse-server,19.9.2.4
yandex/clickhouse-server,19.6.3.18
yandex/clickhouse-server,19.8.3.8
yandex/clickhouse-server,19.7.5.27
yandex/clickhouse-server,19.7.3.9
yandex/clickhouse-server,19.6.2.11
yandex/clickhouse-server,19.5.4.22
yandex/clickhouse-server,19.4.5.35
yandex/clickhouse-server,19.5.3.8
yandex/clickhouse-server,19.4.4.33
yandex/clickhouse-server,19.5.2.6
yandex/clickhouse-server,19.4.3.11
yandex/clickhouse-server,19.1.16
yandex/clickhouse-server,19.3.9
yandex/clickhouse-server,19.4.2.7
yandex/clickhouse-server,19.4.1.3
yandex/clickhouse-server,19.3.8
yandex/clickhouse-server,19.1.15
yandex/clickhouse-server,19.1.14
yandex/clickhouse-server,19.1.13
yandex/clickhouse-server,19.3.7
yandex/clickhouse-server,19.1.10
yandex/clickhouse-server,19.3.6
yandex/clickhouse-server,19.1.9
yandex/clickhouse-server,19.3.5
yandex/clickhouse-server,19.3.4
yandex/clickhouse-server,19.1.8
yandex/clickhouse-server,19.3.3
yandex/clickhouse-server,19.1.6
yandex/clickhouse-server,19.1.5
yandex/clickhouse-server,18.16.1
yandex/clickhouse-server,18.14.19
yandex/clickhouse-server,18.16.0
yandex/clickhouse-server,18.14.18
yandex/clickhouse-server,18.14.17
yandex/clickhouse-server,18.14.15
yandex/clickhouse-server,18.14.14
yandex/clickhouse-server,18.14.13
yandex/clickhouse-server,18.14.12
yandex/clickhouse-server,18.14.11
yandex/clickhouse-server,18.14.10
yandex/clickhouse-server,18.14.9
yandex/clickhouse-server,18.14.8
yandex/clickhouse-server,18.12.17
yandex/clickhouse-server,18.12.14
yandex/clickhouse-server,18.12.13
yandex/clickhouse-server,18.10.3
yandex/clickhouse-server,18.6.0
yandex/clickhouse-server,18.5.1
yandex/clickhouse-server,18.4.0
yandex/clickhouse-server,18.1.0
yandex/clickhouse-server,1.1.54394
yandex/clickhouse-server,1.1.54390
yandex/clickhouse-server,1.1.54388
yandex/clickhouse-server,1.1.54385
yandex/clickhouse-server,1.1.54383
yandex/clickhouse-server,1.1.54381
yandex/clickhouse-server,1.1.54380
yandex/clickhouse-server,1.1.54378
yandex/clickhouse-server,1.1.54343
yandex/clickhouse-server,1.1.54342
yandex/clickhouse-server,1.1.54337
yandex/clickhouse-server,1.1.54327
yandex/clickhouse-server,1.1.54310
yandex/clickhouse-server,1.1.54304
yandex/clickhouse-server,1.1.54292
yandex/clickhouse-server,1.1.54289
yandex/clickhouse-server,1.1.54284
yandex/clickhouse-server,1.1.54282
yandex/clickhouse-server,1.1.54276
yandex/clickhouse-server,1.1.54245
yandex/clickhouse-server,1.1.54242
yandex/clickhouse-server,1.1.54236
yandex/clickhouse-server,1.1.54231
yandex/clickhouse-server,1.1.54198
yandex/clickhouse-server,1.1.54190
yandex/clickhouse-server,1.1.54188
yandex/clickhouse-server,1.1.54181
yandex/clickhouse-server,1.1.54159
yandex/clickhouse-server,1.1.54144
yandex/clickhouse-server,1.1.54135
yandex/clickhouse-server,1.1.54134
yandex/clickhouse-server,1.1.54133
yandex/clickhouse-server,1.1.54127
yandex/clickhouse-server,1.1.54112
yandex/clickhouse-server,1.1.54083
yandex/clickhouse-server,1.1.54080
yandex/clickhouse-server,1.1.54074
yandex/clickhouse-server,1.1.54046
yandex/clickhouse-server,1.1.54030
yandex/clickhouse-server,1.1.54023
yandex/clickhouse-server,1.1.54022
yandex/clickhouse-server,1.1.54020
yandex/clickhouse-server,1.1.54019
clickhouse/clickhouse-server,23.8.4.69
clickhouse/clickhouse-server,23.9.2.56
clickhouse/clickhouse-server,23.3.14.78
clickhouse/clickhouse-server,23.9.1.1854
clickhouse/clickhouse-server,23.8.3.48
clickhouse/clickhouse-server,23.3.13.6
clickhouse/clickhouse-server,23.8.2.7
clickhouse/clickhouse-server,23.3.12.11
clickhouse/clickhouse-server,23.8.1.2992
clickhouse/clickhouse-server,22.8.21.38
clickhouse/clickhouse-server,23.3.11.5
clickhouse/clickhouse-server,23.5.5.92
clickhouse/clickhouse-server,23.6.3.87
clickhouse/clickhouse-server,23.7.5.30
clickhouse/clickhouse-server,23.3.10.5
clickhouse/clickhouse-server,23.3.9.55
clickhouse/clickhouse-server,23.7.4.5
clickhouse/clickhouse-server,23.7.3.14
clickhouse/clickhouse-server,23.7.2.25
clickhouse/clickhouse-server,23.7.1.2470
clickhouse/clickhouse-server,23.3.8.21
clickhouse/clickhouse-server,23.4.6.25
clickhouse/clickhouse-server,22.8.20.11
clickhouse/clickhouse-server,23.6.2.18
clickhouse/clickhouse-server,23.6.1.1524
clickhouse/clickhouse-server,23.3.7.5
clickhouse/clickhouse-server,23.4.5.22
clickhouse/clickhouse-server,23.5.4.25
clickhouse/clickhouse-server,23.3.6.7
clickhouse/clickhouse-server,23.3.5.9
clickhouse/clickhouse-server,22.8.19.10
clickhouse/clickhouse-server,23.3.4.17
clickhouse/clickhouse-server,23.4.4.16
clickhouse/clickhouse-server,23.5.3.24
clickhouse/clickhouse-server,23.4.3.48
clickhouse/clickhouse-server,23.3.3.52
clickhouse/clickhouse-server,22.8.18.31
clickhouse/clickhouse-server,23.5.2.7
clickhouse/clickhouse-server,23.2.7.32
clickhouse/clickhouse-server,23.5.1.3174
clickhouse/clickhouse-server,23.4.2.11
clickhouse/clickhouse-server,23.4.1.1943
clickhouse/clickhouse-server,23.2.6.34
clickhouse/clickhouse-server,23.3.2.37
clickhouse/clickhouse-server,23.1.7.30
clickhouse/clickhouse-server,22.8.17.17
clickhouse/clickhouse-server,22.8.16.32
clickhouse/clickhouse-server,23.2.5.46
clickhouse/clickhouse-server,23.1.6.42
clickhouse/clickhouse-server,22.12.6.22
clickhouse/clickhouse-server,22.3.20.29
clickhouse/clickhouse-server,23.3.1.2823
clickhouse/clickhouse-server,22.8.15.23
clickhouse/clickhouse-server,22.12.5.34
clickhouse/clickhouse-server,23.1.5.24
clickhouse/clickhouse-server,23.2.4.12
clickhouse/clickhouse-server,23.2.3.17
clickhouse/clickhouse-server,22.12.4.76
clickhouse/clickhouse-server,23.2.2.20
clickhouse/clickhouse-server,23.1.4.58
clickhouse/clickhouse-server,22.8.14.53
clickhouse/clickhouse-server,22.3.19.6
clickhouse/clickhouse-server,22.11.6.44
clickhouse/clickhouse-server,23.2.1.2537
clickhouse/clickhouse-server,22.3.18.37
clickhouse/clickhouse-server,23.1.3.5
clickhouse/clickhouse-server,23.1.2.9
clickhouse/clickhouse-server,22.11.5.15
clickhouse/clickhouse-server,22.8.13.20
clickhouse/clickhouse-server,22.10.7.13
clickhouse/clickhouse-server,23.1.1.3077
clickhouse/clickhouse-server,22.3.17.13
clickhouse/clickhouse-server,22.12.3.5
clickhouse/clickhouse-server,22.11.4.3
clickhouse/clickhouse-server,22.10.6.3
clickhouse/clickhouse-server,22.8.12.45
clickhouse/clickhouse-server,22.3.16.1190
clickhouse/clickhouse-server,22.10.5.54
clickhouse/clickhouse-server,22.11.3.47
clickhouse/clickhouse-server,22.12.2.25
clickhouse/clickhouse-server,22.9.7.34
clickhouse/clickhouse-server,22.9.7.29
clickhouse/clickhouse-server,22.12.1.1752
clickhouse/clickhouse-server,22.8.11.15
clickhouse/clickhouse-server,22.3.15.33
clickhouse/clickhouse-server,22.9.6.20
clickhouse/clickhouse-server,22.10.4.23
clickhouse/clickhouse-server,22.11.2.30
clickhouse/clickhouse-server,22.8.10.29
clickhouse/clickhouse-server,22.9.5.25
clickhouse/clickhouse-server,22.10.3.27
clickhouse/clickhouse-server,22.8.9.24
clickhouse/clickhouse-server,22.11.1.1360
clickhouse/clickhouse-server,22.10.2.11
clickhouse/clickhouse-server,22.3.14.23
clickhouse/clickhouse-server,22.8.8.3
clickhouse/clickhouse-server,22.7.7.24
clickhouse/clickhouse-server,22.8.7.34
clickhouse/clickhouse-server,22.9.4.32
clickhouse/clickhouse-server,22.10.1.1877
clickhouse/clickhouse-server,22.6.9.11
clickhouse/clickhouse-server,22.3.13.80
clickhouse/clickhouse-server,22.9.3.18
clickhouse/clickhouse-server,22.8.6.71
clickhouse/clickhouse-server,22.7.6.74
clickhouse/clickhouse-server,22.9.2.7
clickhouse/clickhouse-server,22.9.1.2603
clickhouse/clickhouse-server,22.6.8.35
clickhouse/clickhouse-server,22.8.5.29
clickhouse/clickhouse-server,22.8.4.7
clickhouse/clickhouse-server,22.3.12.19
clickhouse/clickhouse-server,22.6.7.7
clickhouse/clickhouse-server,22.7.5.13
clickhouse/clickhouse-server,22.8.3.13
clickhouse/clickhouse-server,22.6.6.16
clickhouse/clickhouse-server,22.7.4.16
clickhouse/clickhouse-server,22.8.2.11
clickhouse/clickhouse-server,22.8.1.2097
clickhouse/clickhouse-server,22.3.11.12
clickhouse/clickhouse-server,22.5.4.19
clickhouse/clickhouse-server,22.7.3.5
clickhouse/clickhouse-server,22.6.5.22
clickhouse/clickhouse-server,22.3.10.22
clickhouse/clickhouse-server,22.7.2.15
clickhouse/clickhouse-server,22.6.4.35
clickhouse/clickhouse-server,22.5.3.21
clickhouse/clickhouse-server,22.3.9.19
clickhouse/clickhouse-server,22.7.1.2484
clickhouse/clickhouse-server,22.5.2.53
clickhouse/clickhouse-server,22.4.6.53
clickhouse/clickhouse-server,22.3.8.39
clickhouse/clickhouse-server,22.6.3.35
clickhouse/clickhouse-server,22.6.2.12
clickhouse/clickhouse-server,22.3.7.28
clickhouse/clickhouse-server,22.6.1.1985
clickhouse/clickhouse-server,22.5.1.2079
clickhouse/clickhouse-server,22.4.5.9
clickhouse/clickhouse-server,22.3.6.5
clickhouse/clickhouse-server,22.3.5.5
clickhouse/clickhouse-server,22.4.4.7
clickhouse/clickhouse-server,22.3.4.20
clickhouse/clickhouse-server,22.4.3.3
clickhouse/clickhouse-server,22.4.2.1
clickhouse/clickhouse-server,22.4.1.2305
clickhouse/clickhouse-server,22.3.3.44
clickhouse/clickhouse-server,21.8.15.7
clickhouse/clickhouse-server,22.1.4.30
clickhouse/clickhouse-server,22.3.2.2
clickhouse/clickhouse-server,22.2.3.5
clickhouse/clickhouse-server,22.2.2.1
clickhouse/clickhouse-server,21.3.20.1
clickhouse/clickhouse-server,21.8.14.5
clickhouse/clickhouse-server,21.11.11.1
clickhouse/clickhouse-server,21.12.4.1
clickhouse/clickhouse-server,22.1.3.7
clickhouse/clickhouse-server,22.1.2.2
clickhouse/clickhouse-server,21.11.10.1
clickhouse/clickhouse-server,21.11.9.1
clickhouse/clickhouse-server,21.12.3.32
clickhouse/clickhouse-server,21.8.13.6
clickhouse/clickhouse-server,21.11.8.4
clickhouse/clickhouse-server,21.12.2.17
clickhouse/clickhouse-server,21.11.7.9
clickhouse/clickhouse-server,21.11.6.7
clickhouse/clickhouse-server,21.10.5.3
clickhouse/clickhouse-server,21.3.19.1
clickhouse/clickhouse-server,21.8.12.29
clickhouse/clickhouse-server,21.9.6.24
clickhouse/clickhouse-server,21.10.4.26
clickhouse/clickhouse-server,21.11.5.33
clickhouse/clickhouse-server,21.8.11.4
clickhouse/clickhouse-server,21.10.3.9
clickhouse/clickhouse-server,21.11.4.14
clickhouse/clickhouse-server,21.11.3.6
clickhouse/clickhouse-server,21.11.2.2
clickhouse/clickhouse-server,21.8.10.19
clickhouse/clickhouse-server,21.3.18.4
clickhouse/clickhouse-server,21.8.9.13
clickhouse/clickhouse-server,21.9.5.16
clickhouse/clickhouse-server,21.10.2.15
clickhouse/clickhouse-server,21.8.8.29
clickhouse/clickhouse-server,21.7.11.3
clickhouse/clickhouse-server,21.8.7.22
clickhouse/clickhouse-server,21.9.4.35
clickhouse/clickhouse-server,21.7.10.4
clickhouse/clickhouse-server,21.9.3.30
clickhouse/clickhouse-server,21.8.6.15
clickhouse/clickhouse-server,21.3.17.2
clickhouse/clickhouse-server,21.9.2.17
