"ch_version","name"
"18.14.12","JDBC"
"18.14.12","ODBC"
"18.14.12","Kafka"
"18.14.12","MaterializedView"
"18.14.12","Set"
"18.14.12","Dictionary"
"18.14.12","Merge"
"18.14.12","MySQL"
"18.14.12","Buffer"
"18.14.12","MergeTree"
"18.14.12","CollapsingMergeTree"
"18.14.12","Join"
"18.14.12","ReplicatedVersionedCollapsingMergeTree"
"18.14.12","GraphiteMergeTree"
"18.14.12","View"
"18.14.12","Distributed"
"18.14.12","ReplacingMergeTree"
"18.14.12","TinyLog"
"18.14.12","Log"
"18.14.12","ReplicatedGraphiteMergeTree"
"18.14.12","ReplicatedReplacingMergeTree"
"18.14.12","ReplicatedSummingMergeTree"
"18.14.12","URL"
"18.14.12","Memory"
"18.14.12","StripeLog"
"18.14.12","SummingMergeTree"
"18.14.12","File"
"18.14.12","AggregatingMergeTree"
"18.14.12","ReplicatedMergeTree"
"18.14.12","ReplicatedCollapsingMergeTree"
"18.14.12","VersionedCollapsingMergeTree"
"18.14.12","Null"
"18.14.12","ReplicatedAggregatingMergeTree"
