"ch_version","name","is_aggregate","case_insensitive","alias_to","create_query","origin"
"22.8.13.22.altinityfips","fullHostName",0,0,"","","System"
"22.8.13.22.altinityfips","FQDN",0,1,"","","System"
"22.8.13.22.altinityfips","arrayReduceInRanges",0,0,"","","System"
"22.8.13.22.altinityfips","empty",0,0,"","","System"
"22.8.13.22.altinityfips","toStartOfQuarter",0,0,"","","System"
"22.8.13.22.altinityfips","polygonsEqualsCartesian",0,0,"","","System"
"22.8.13.22.altinityfips","h3GetPentagonIndexes",0,0,"","","System"
"22.8.13.22.altinityfips","JSON_VALUE",0,0,"","","System"
"22.8.13.22.altinityfips","toIntervalYear",0,0,"","","System"
"22.8.13.22.altinityfips","toIntervalHour",0,0,"","","System"
"22.8.13.22.altinityfips","toIntervalMinute",0,0,"","","System"
"22.8.13.22.altinityfips","toIntervalMillisecond",0,0,"","","System"
"22.8.13.22.altinityfips","parseDateTime64BestEffortUSOrZero",0,0,"","","System"
"22.8.13.22.altinityfips","parseDateTime64BestEffortOrZero",0,0,"","","System"
"22.8.13.22.altinityfips","parseDateTime64BestEffort",0,0,"","","System"
"22.8.13.22.altinityfips","parseDateTime32BestEffort",0,0,"","","System"
"22.8.13.22.altinityfips","parseDateTimeBestEffortOrNull",0,0,"","","System"
"22.8.13.22.altinityfips","parseDateTimeBestEffortOrZero",0,0,"","","System"
"22.8.13.22.altinityfips","toUUIDOrNull",0,0,"","","System"
"22.8.13.22.altinityfips","parseDateTimeBestEffort",0,0,"","","System"
"22.8.13.22.altinityfips","toDecimal128OrNull",0,0,"","","System"
"22.8.13.22.altinityfips","toDecimal64OrNull",0,0,"","","System"
"22.8.13.22.altinityfips","toDecimal32OrNull",0,0,"","","System"
"22.8.13.22.altinityfips","toDateTimeOrNull",0,0,"","","System"
"22.8.13.22.altinityfips","toDate32OrNull",0,0,"","","System"
"22.8.13.22.altinityfips","toDateOrNull",0,0,"","","System"
"22.8.13.22.altinityfips","toFloat64OrNull",0,0,"","","System"
"22.8.13.22.altinityfips","toInt256OrNull",0,0,"","","System"
"22.8.13.22.altinityfips","toInt128OrNull",0,0,"","","System"
"22.8.13.22.altinityfips","toInt64OrNull",0,0,"","","System"
"22.8.13.22.altinityfips","toUInt128OrNull",0,0,"","","System"
"22.8.13.22.altinityfips","toUInt64OrNull",0,0,"","","System"
"22.8.13.22.altinityfips","toUInt8OrNull",0,0,"","","System"
"22.8.13.22.altinityfips","toDecimal256OrZero",0,0,"","","System"
"22.8.13.22.altinityfips","toDecimal64OrZero",0,0,"","","System"
"22.8.13.22.altinityfips","toDecimal32OrZero",0,0,"","","System"
"22.8.13.22.altinityfips","toDate32OrZero",0,0,"","","System"
"22.8.13.22.altinityfips","toDateOrZero",0,0,"","","System"
"22.8.13.22.altinityfips","toFloat64OrZero",0,0,"","","System"
"22.8.13.22.altinityfips","toFloat32OrZero",0,0,"","","System"
"22.8.13.22.altinityfips","toInt128OrZero",0,0,"","","System"
"22.8.13.22.altinityfips","toInt64OrZero",0,0,"","","System"
"22.8.13.22.altinityfips","toInt32OrZero",0,0,"","","System"
"22.8.13.22.altinityfips","toInt16OrZero",0,0,"","","System"
"22.8.13.22.altinityfips","toUInt128OrZero",0,0,"","","System"
"22.8.13.22.altinityfips","toUInt32OrZero",0,0,"","","System"
"22.8.13.22.altinityfips","toString",0,0,"","","System"
"22.8.13.22.altinityfips","toDateTime",0,0,"","","System"
"22.8.13.22.altinityfips","toDecimal128",0,0,"","","System"
"22.8.13.22.altinityfips","toDecimal64",0,0,"","","System"
"22.8.13.22.altinityfips","toFloat64",0,0,"","","System"
"22.8.13.22.altinityfips","toFloat32",0,0,"","","System"
"22.8.13.22.altinityfips","toInt128",0,0,"","","System"
"22.8.13.22.altinityfips","toInt32",0,0,"","","System"
"22.8.13.22.altinityfips","toInt8",0,0,"","","System"
"22.8.13.22.altinityfips","toUInt256",0,0,"","","System"
"22.8.13.22.altinityfips","toUInt64",0,0,"","","System"
"22.8.13.22.altinityfips","toDecimal32",0,0,"","","System"
"22.8.13.22.altinityfips","toUInt32",0,0,"","","System"
"22.8.13.22.altinityfips","toUInt8",0,0,"","","System"
"22.8.13.22.altinityfips","blockSize",0,0,"","","System"
"22.8.13.22.altinityfips","toUInt16",0,0,"","","System"
"22.8.13.22.altinityfips","isNotNull",0,0,"","","System"
"22.8.13.22.altinityfips","UUIDStringToNum",0,0,"","","System"
"22.8.13.22.altinityfips","roundDown",0,0,"","","System"
"22.8.13.22.altinityfips","trunc",0,1,"","","System"
"22.8.13.22.altinityfips","ceil",0,1,"","","System"
"22.8.13.22.altinityfips","roundBankers",0,0,"","","System"
"22.8.13.22.altinityfips","round",0,1,"","","System"
"22.8.13.22.altinityfips","regionToName",0,0,"","","System"
"22.8.13.22.altinityfips","regionIn",0,0,"","","System"
"22.8.13.22.altinityfips","toUUID",0,0,"","","System"
"22.8.13.22.altinityfips","regionToCountry",0,0,"","","System"
"22.8.13.22.altinityfips","regionToArea",0,0,"","","System"
"22.8.13.22.altinityfips","regionToCity",0,0,"","","System"
"22.8.13.22.altinityfips","cutQueryString",0,0,"","","System"
"22.8.13.22.altinityfips","wyHash64",0,0,"","","System"
"22.8.13.22.altinityfips","xxHash32",0,0,"","","System"
"22.8.13.22.altinityfips","gccMurmurHash",0,0,"","","System"
"22.8.13.22.altinityfips","murmurHash2_32",0,0,"","","System"
"22.8.13.22.altinityfips","javaHashUTF16LE",0,0,"","","System"
"22.8.13.22.altinityfips","javaHash",0,0,"","","System"
"22.8.13.22.altinityfips","URLHash",0,0,"","","System"
"22.8.13.22.altinityfips","intHash64",0,0,"","","System"
"22.8.13.22.altinityfips","intHash32",0,0,"","","System"
"22.8.13.22.altinityfips","metroHash64",0,0,"","","System"
"22.8.13.22.altinityfips","farmHash64",0,0,"","","System"
"22.8.13.22.altinityfips","farmFingerprint64",0,0,"","","System"
"22.8.13.22.altinityfips","sipHash128",0,0,"","","System"
"22.8.13.22.altinityfips","sipHash64",0,0,"","","System"
"22.8.13.22.altinityfips","murmurHash3_128",0,0,"","","System"
"22.8.13.22.altinityfips","SHA384",0,0,"","","System"
"22.8.13.22.altinityfips","toInt8OrZero",0,0,"","","System"
"22.8.13.22.altinityfips","SHA1",0,0,"","","System"
"22.8.13.22.altinityfips","MD5",0,0,"","","System"
"22.8.13.22.altinityfips","halfMD5",0,0,"","","System"
"22.8.13.22.altinityfips","toDate32",0,0,"","","System"
"22.8.13.22.altinityfips","lowCardinalityIndices",0,0,"","","System"
"22.8.13.22.altinityfips","decrypt",0,0,"","","System"
"22.8.13.22.altinityfips","logTrace",0,0,"","","System"
"22.8.13.22.altinityfips","toInt16OrNull",0,0,"","","System"
"22.8.13.22.altinityfips","timeSlots",0,0,"","","System"
"22.8.13.22.altinityfips","asinh",0,0,"","","System"
"22.8.13.22.altinityfips","cutWWW",0,0,"","","System"
"22.8.13.22.altinityfips","cbrt",0,0,"","","System"
"22.8.13.22.altinityfips","s2ToGeo",0,0,"","","System"
"22.8.13.22.altinityfips","sleepEachRow",0,0,"","","System"
"22.8.13.22.altinityfips","bitmaskToList",0,0,"","","System"
"22.8.13.22.altinityfips","bitPositionsToArray",0,0,"","","System"
"22.8.13.22.altinityfips","detectTonality",0,0,"","","System"
"22.8.13.22.altinityfips","addDays",0,0,"","","System"
"22.8.13.22.altinityfips","toRelativeWeekNum",0,0,"","","System"
"22.8.13.22.altinityfips","makeDateTime64",0,0,"","","System"
"22.8.13.22.altinityfips","makeDateTime",0,0,"","","System"
"22.8.13.22.altinityfips","makeDate",0,0,"","","System"
"22.8.13.22.altinityfips","transactionLatestSnapshot",0,0,"","","System"
"22.8.13.22.altinityfips","transactionID",0,0,"","","System"
"22.8.13.22.altinityfips","extractGroups",0,0,"","","System"
"22.8.13.22.altinityfips","__bitWrapperFunc",0,0,"","","System"
"22.8.13.22.altinityfips","showCertificate",0,0,"","","System"
"22.8.13.22.altinityfips","stringToH3",0,0,"","","System"
"22.8.13.22.altinityfips","hashid",0,0,"","","System"
"22.8.13.22.altinityfips","h3EdgeLengthM",0,0,"","","System"
"22.8.13.22.altinityfips","radians",0,1,"","","System"
"22.8.13.22.altinityfips","bar",0,0,"","","System"
"22.8.13.22.altinityfips","ifNotFinite",0,0,"","","System"
"22.8.13.22.altinityfips","polygonAreaSpherical",0,0,"","","System"
"22.8.13.22.altinityfips","base58Encode",0,0,"","","System"
"22.8.13.22.altinityfips","toIntervalQuarter",0,0,"","","System"
"22.8.13.22.altinityfips","multiSearchAny",0,0,"","","System"
"22.8.13.22.altinityfips","bitmapContains",0,0,"","","System"
"22.8.13.22.altinityfips","bitmapHasAny",0,0,"","","System"
"22.8.13.22.altinityfips","bitmapXor",0,0,"","","System"
"22.8.13.22.altinityfips","bitmapOr",0,0,"","","System"
"22.8.13.22.altinityfips","bitmapAnd",0,0,"","","System"
"22.8.13.22.altinityfips","bitmapAndnotCardinality",0,0,"","","System"
"22.8.13.22.altinityfips","bitmapOrCardinality",0,0,"","","System"
"22.8.13.22.altinityfips","bitmapAndCardinality",0,0,"","","System"
"22.8.13.22.altinityfips","bitmapMin",0,0,"","","System"
"22.8.13.22.altinityfips","bitmapCardinality",0,0,"","","System"
"22.8.13.22.altinityfips","bitmapTransform",0,0,"","","System"
"22.8.13.22.altinityfips","bitmapSubsetLimit",0,0,"","","System"
"22.8.13.22.altinityfips","bitmapSubsetInRange",0,0,"","","System"
"22.8.13.22.altinityfips","bitmapToArray",0,0,"","","System"
"22.8.13.22.altinityfips","bitmapBuild",0,0,"","","System"
"22.8.13.22.altinityfips","extractTextFromHTML",0,0,"","","System"
"22.8.13.22.altinityfips","bitHammingDistance",0,0,"","","System"
"22.8.13.22.altinityfips","polygonsDistanceSpherical",0,0,"","","System"
"22.8.13.22.altinityfips","polygonsDistanceCartesian",0,0,"","","System"
"22.8.13.22.altinityfips","h3EdgeLengthKm",0,0,"","","System"
"22.8.13.22.altinityfips","fuzzBits",0,0,"","","System"
"22.8.13.22.altinityfips","minus",0,0,"","","System"
"22.8.13.22.altinityfips","assumeNotNull",0,0,"","","System"
"22.8.13.22.altinityfips","toUUIDOrZero",0,0,"","","System"
"22.8.13.22.altinityfips","h3GetUnidirectionalEdge",0,0,"","","System"
"22.8.13.22.altinityfips","splitByRegexp",0,0,"","","System"
"22.8.13.22.altinityfips","splitByWhitespace",0,0,"","","System"
"22.8.13.22.altinityfips","arrayStringConcat",0,0,"","","System"
"22.8.13.22.altinityfips","splitByNonAlpha",0,0,"","","System"
"22.8.13.22.altinityfips","alphaTokens",0,0,"","","System"
"22.8.13.22.altinityfips","extractAll",0,0,"","","System"
"22.8.13.22.altinityfips","currentUser",0,0,"","","System"
"22.8.13.22.altinityfips","addressToLineWithInlines",0,0,"","","System"
"22.8.13.22.altinityfips","monthName",0,1,"","","System"
"22.8.13.22.altinityfips","aes_decrypt_mysql",0,0,"","","System"
"22.8.13.22.altinityfips","aes_encrypt_mysql",0,0,"","","System"
"22.8.13.22.altinityfips","dictGetOrNull",0,0,"","","System"
"22.8.13.22.altinityfips","replaceOne",0,0,"","","System"
"22.8.13.22.altinityfips","emptyArrayInt16",0,0,"","","System"
"22.8.13.22.altinityfips","dictGetOrDefault",0,0,"","","System"
"22.8.13.22.altinityfips","dictGetFloat64OrDefault",0,0,"","","System"
"22.8.13.22.altinityfips","s2RectAdd",0,0,"","","System"
"22.8.13.22.altinityfips","dictGetFloat32OrDefault",0,0,"","","System"
"22.8.13.22.altinityfips","dictGetInt64OrDefault",0,0,"","","System"
"22.8.13.22.altinityfips","today",0,0,"","","System"
"22.8.13.22.altinityfips","dictGetUInt32OrDefault",0,0,"","","System"
"22.8.13.22.altinityfips","h3IsPentagon",0,0,"","","System"
"22.8.13.22.altinityfips","dictGetUInt16OrDefault",0,0,"","","System"
"22.8.13.22.altinityfips","arrayIntersect",0,0,"","","System"
"22.8.13.22.altinityfips","dictGetUInt8OrDefault",0,0,"","","System"
"22.8.13.22.altinityfips","dictGetDescendants",0,0,"","","System"
"22.8.13.22.altinityfips","multiSearchFirstPosition",0,0,"","","System"
"22.8.13.22.altinityfips","dictGetDate",0,0,"","","System"
"22.8.13.22.altinityfips","dictGetInt32",0,0,"","","System"
"22.8.13.22.altinityfips","dictGetInt16",0,0,"","","System"
"22.8.13.22.altinityfips","dictGetUInt64",0,0,"","","System"
"22.8.13.22.altinityfips","dictGetUInt32",0,0,"","","System"
"22.8.13.22.altinityfips","enabledProfiles",0,0,"","","System"
"22.8.13.22.altinityfips","dictHas",0,0,"","","System"
"22.8.13.22.altinityfips","JSONExtractKeysAndValues",0,0,"","","System"
"22.8.13.22.altinityfips","replicate",0,0,"","","System"
"22.8.13.22.altinityfips","arrayCumSumNonNegative",0,0,"","","System"
"22.8.13.22.altinityfips","translateUTF8",0,0,"","","System"
"22.8.13.22.altinityfips","detectCharset",0,0,"","","System"
"22.8.13.22.altinityfips","reinterpretAsInt32",0,0,"","","System"
"22.8.13.22.altinityfips","dictGetFloat64",0,0,"","","System"
"22.8.13.22.altinityfips","arraySlice",0,0,"","","System"
"22.8.13.22.altinityfips","timezoneOf",0,0,"","","System"
"22.8.13.22.altinityfips","bitCount",0,0,"","","System"
"22.8.13.22.altinityfips","formatReadableTimeDelta",0,0,"","","System"
"22.8.13.22.altinityfips","geohashEncode",0,0,"","","System"
"22.8.13.22.altinityfips","atan2",0,1,"","","System"
"22.8.13.22.altinityfips","dictIsIn",0,0,"","","System"
"22.8.13.22.altinityfips","base64Encode",0,0,"","","System"
"22.8.13.22.altinityfips","wordShingleMinHash",0,0,"","","System"
"22.8.13.22.altinityfips","arrayDifference",0,0,"","","System"
"22.8.13.22.altinityfips","toUInt256OrNull",0,0,"","","System"
"22.8.13.22.altinityfips","arrayFirstOrNull",0,0,"","","System"
"22.8.13.22.altinityfips","bitTest",0,0,"","","System"
"22.8.13.22.altinityfips","ngramSearchCaseInsensitiveUTF8",0,0,"","","System"
"22.8.13.22.altinityfips","bitmapMax",0,0,"","","System"
"22.8.13.22.altinityfips","h3GetOriginIndexFromUnidirectionalEdge",0,0,"","","System"
"22.8.13.22.altinityfips","ngramDistanceCaseInsensitiveUTF8",0,0,"","","System"
"22.8.13.22.altinityfips","ngramDistance",0,0,"","","System"
"22.8.13.22.altinityfips","acos",0,1,"","","System"
"22.8.13.22.altinityfips","JSONExtractKeys",0,0,"","","System"
"22.8.13.22.altinityfips","toDecimal128OrZero",0,0,"","","System"
"22.8.13.22.altinityfips","toInt16OrDefault",0,0,"","","System"
"22.8.13.22.altinityfips","extractURLParameters",0,0,"","","System"
"22.8.13.22.altinityfips","version",0,1,"","","System"
"22.8.13.22.altinityfips","joinGetOrNull",0,0,"","","System"
"22.8.13.22.altinityfips","JSONExtractArrayRaw",0,0,"","","System"
"22.8.13.22.altinityfips","toUInt16OrNull",0,0,"","","System"
"22.8.13.22.altinityfips","JSONExtractRaw",0,0,"","","System"
"22.8.13.22.altinityfips","tumbleStart",0,0,"","","System"
"22.8.13.22.altinityfips","bitShiftRight",0,0,"","","System"
"22.8.13.22.altinityfips","JSONExtract",0,0,"","","System"
"22.8.13.22.altinityfips","JSONExtractString",0,0,"","","System"
"22.8.13.22.altinityfips","SHA512",0,0,"","","System"
"22.8.13.22.altinityfips","JSONExtractFloat",0,0,"","","System"
"22.8.13.22.altinityfips","dictGetString",0,0,"","","System"
"22.8.13.22.altinityfips","arrayReduce",0,0,"","","System"
"22.8.13.22.altinityfips","JSONExtractUInt",0,0,"","","System"
"22.8.13.22.altinityfips","JSONKey",0,0,"","","System"
"22.8.13.22.altinityfips","JSONLength",0,0,"","","System"
"22.8.13.22.altinityfips","normalizedQueryHash",0,0,"","","System"
"22.8.13.22.altinityfips","bitTestAll",0,0,"","","System"
"22.8.13.22.altinityfips","MONTH",0,1,"","","System"
"22.8.13.22.altinityfips","ngramMinHash",0,0,"","","System"
"22.8.13.22.altinityfips","toMonth",0,0,"","","System"
"22.8.13.22.altinityfips","JSONExtractInt",0,0,"","","System"
"22.8.13.22.altinityfips","subtractMonths",0,0,"","","System"
"22.8.13.22.altinityfips","readWKTMultiPolygon",0,0,"","","System"
"22.8.13.22.altinityfips","subtractYears",0,0,"","","System"
"22.8.13.22.altinityfips","rand",0,1,"","","System"
"22.8.13.22.altinityfips","readWKTRing",0,0,"","","System"
"22.8.13.22.altinityfips","caseWithExpression",0,0,"","","System"
"22.8.13.22.altinityfips","toDayOfYear",0,0,"","","System"
"22.8.13.22.altinityfips","bin",0,1,"","","System"
"22.8.13.22.altinityfips","bitSlice",0,0,"","","System"
"22.8.13.22.altinityfips","accurateCastOrNull",0,0,"","","System"
"22.8.13.22.altinityfips","reinterpretAsUInt64",0,0,"","","System"
"22.8.13.22.altinityfips","accurate_CastOrNull",0,0,"","","System"
"22.8.13.22.altinityfips","multiply",0,0,"","","System"
"22.8.13.22.altinityfips","accurate_Cast",0,0,"","","System"
"22.8.13.22.altinityfips","dictGetStringOrDefault",0,0,"","","System"
"22.8.13.22.altinityfips","ngramMinHashArg",0,0,"","","System"
"22.8.13.22.altinityfips","_CAST",0,1,"","","System"
"22.8.13.22.altinityfips","ignore",0,0,"","","System"
"22.8.13.22.altinityfips","wordShingleMinHashArg",0,0,"","","System"
"22.8.13.22.altinityfips","ngramMinHashArgUTF8",0,0,"","","System"
"22.8.13.22.altinityfips","ngramMinHashArgCaseInsensitive",0,0,"","","System"
"22.8.13.22.altinityfips","wordShingleMinHashUTF8",0,0,"","","System"
"22.8.13.22.altinityfips","ngramMinHashCaseInsensitiveUTF8",0,0,"","","System"
"22.8.13.22.altinityfips","formatRowNoNewline",0,0,"","","System"
"22.8.13.22.altinityfips","wordShingleSimHashCaseInsensitiveUTF8",0,0,"","","System"
"22.8.13.22.altinityfips","wordShingleSimHashUTF8",0,0,"","","System"
"22.8.13.22.altinityfips","arrayCumSum",0,0,"","","System"
"22.8.13.22.altinityfips","wordShingleSimHash",0,0,"","","System"
"22.8.13.22.altinityfips","finalizeAggregation",0,0,"","","System"
"22.8.13.22.altinityfips","ngramSimHashCaseInsensitiveUTF8",0,0,"","","System"
"22.8.13.22.altinityfips","emptyArrayUInt8",0,0,"","","System"
"22.8.13.22.altinityfips","dictGetUInt8",0,0,"","","System"
"22.8.13.22.altinityfips","ngramSimHashUTF8",0,0,"","","System"
"22.8.13.22.altinityfips","ngramSimHashCaseInsensitive",0,0,"","","System"
"22.8.13.22.altinityfips","ngramSimHash",0,0,"","","System"
"22.8.13.22.altinityfips","s2CapContains",0,0,"","","System"
"22.8.13.22.altinityfips","identity",0,0,"","","System"
"22.8.13.22.altinityfips","s2RectUnion",0,0,"","","System"
"22.8.13.22.altinityfips","ngramDistanceUTF8",0,0,"","","System"
"22.8.13.22.altinityfips","MD4",0,0,"","","System"
"22.8.13.22.altinityfips","moduloOrZero",0,0,"","","System"
"22.8.13.22.altinityfips","toTimezone",0,0,"","","System"
"22.8.13.22.altinityfips","toUInt64OrZero",0,0,"","","System"
"22.8.13.22.altinityfips","dictGetUInt16",0,0,"","","System"
"22.8.13.22.altinityfips","DATABASE",0,1,"","","System"
"22.8.13.22.altinityfips","mapContains",0,0,"","","System"
"22.8.13.22.altinityfips","char",0,1,"","","System"
"22.8.13.22.altinityfips","currentDatabase",0,0,"","","System"
"22.8.13.22.altinityfips","URLPathHierarchy",0,0,"","","System"
"22.8.13.22.altinityfips","h3GetUnidirectionalEdgesFromHexagon",0,0,"","","System"
"22.8.13.22.altinityfips","h3HexRing",0,0,"","","System"
"22.8.13.22.altinityfips","nullInIgnoreSet",0,0,"","","System"
"22.8.13.22.altinityfips","geoToS2",0,0,"","","System"
"22.8.13.22.altinityfips","blockSerializedSize",0,0,"","","System"
"22.8.13.22.altinityfips","generateUUIDv4",0,0,"","","System"
"22.8.13.22.altinityfips","JSONExtractBool",0,0,"","","System"
"22.8.13.22.altinityfips","tupleHammingDistance",0,0,"","","System"
"22.8.13.22.altinityfips","h3ExactEdgeLengthRads",0,0,"","","System"
"22.8.13.22.altinityfips","ngramSearchUTF8",0,0,"","","System"
"22.8.13.22.altinityfips","getTypeSerializationStreams",0,0,"","","System"
"22.8.13.22.altinityfips","minSampleSizeConversion",0,0,"","","System"
"22.8.13.22.altinityfips","jumpConsistentHash",0,0,"","","System"
"22.8.13.22.altinityfips","parseTimeDelta",0,0,"","","System"
"22.8.13.22.altinityfips","tuplePlus",0,0,"","","System"
"22.8.13.22.altinityfips","defaultValueOfTypeName",0,0,"","","System"
"22.8.13.22.altinityfips","MACNumToString",0,0,"","","System"
"22.8.13.22.altinityfips","revision",0,1,"","","System"
"22.8.13.22.altinityfips","formatReadableSize",0,0,"","","System"
"22.8.13.22.altinityfips","toNullable",0,0,"","","System"
"22.8.13.22.altinityfips","concat",0,1,"","","System"
"22.8.13.22.altinityfips","demangle",0,0,"","","System"
"22.8.13.22.altinityfips","hasSubstr",0,0,"","","System"
"22.8.13.22.altinityfips","toUInt64OrDefault",0,0,"","","System"
"22.8.13.22.altinityfips","__bitBoolMaskAnd",0,0,"","","System"
"22.8.13.22.altinityfips","h3GetIndexesFromUnidirectionalEdge",0,0,"","","System"
"22.8.13.22.altinityfips","divide",0,0,"","","System"
"22.8.13.22.altinityfips","ngramMinHashArgCaseInsensitiveUTF8",0,0,"","","System"
"22.8.13.22.altinityfips","endsWith",0,0,"","","System"
"22.8.13.22.altinityfips","arrayPushBack",0,0,"","","System"
"22.8.13.22.altinityfips","evalMLMethod",0,0,"","","System"
"22.8.13.22.altinityfips","emptyArrayInt32",0,0,"","","System"
"22.8.13.22.altinityfips","extract",0,0,"","","System"
"22.8.13.22.altinityfips","notEmpty",0,0,"","","System"
"22.8.13.22.altinityfips","format",0,0,"","","System"
"22.8.13.22.altinityfips","dictGetHierarchy",0,0,"","","System"
"22.8.13.22.altinityfips","multiSearchFirstIndexCaseInsensitive",0,0,"","","System"
"22.8.13.22.altinityfips","rowNumberInAllBlocks",0,0,"","","System"
"22.8.13.22.altinityfips","addNanoseconds",0,0,"","","System"
"22.8.13.22.altinityfips","JSONType",0,0,"","","System"
"22.8.13.22.altinityfips","countDigits",0,0,"","","System"
"22.8.13.22.altinityfips","TO_BASE64",0,1,"","","System"
"22.8.13.22.altinityfips","fromModifiedJulianDay",0,0,"","","System"
"22.8.13.22.altinityfips","__bitSwapLastTwo",0,0,"","","System"
"22.8.13.22.altinityfips","multiSearchFirstIndexUTF8",0,0,"","","System"
"22.8.13.22.altinityfips","lowCardinalityKeys",0,0,"","","System"
"22.8.13.22.altinityfips","tryBase64Decode",0,0,"","","System"
"22.8.13.22.altinityfips","mapFilter",0,0,"","","System"
"22.8.13.22.altinityfips","toStartOfMinute",0,0,"","","System"
"22.8.13.22.altinityfips","LpNormalize",0,0,"","","System"
"22.8.13.22.altinityfips","visitParamExtractInt",0,0,"","","System"
"22.8.13.22.altinityfips","tokens",0,0,"","","System"
"22.8.13.22.altinityfips","detectLanguage",0,0,"","","System"
"22.8.13.22.altinityfips","formatRow",0,0,"","","System"
"22.8.13.22.altinityfips","countMatchesCaseInsensitive",0,0,"","","System"
"22.8.13.22.altinityfips","atan",0,1,"","","System"
"22.8.13.22.altinityfips","range",0,0,"","","System"
"22.8.13.22.altinityfips","fromUnixTimestamp64Micro",0,0,"","","System"
"22.8.13.22.altinityfips","normalizeQuery",0,0,"","","System"
"22.8.13.22.altinityfips","arrayAvg",0,0,"","","System"
"22.8.13.22.altinityfips","degrees",0,1,"","","System"
"22.8.13.22.altinityfips","hopEnd",0,0,"","","System"
"22.8.13.22.altinityfips","hopStart",0,0,"","","System"
"22.8.13.22.altinityfips","hop",0,0,"","","System"
"22.8.13.22.altinityfips","toStartOfInterval",0,0,"","","System"
"22.8.13.22.altinityfips","tumble",0,0,"","","System"
"22.8.13.22.altinityfips","CHARACTER_LENGTH",0,1,"","","System"
"22.8.13.22.altinityfips","fromUnixTimestamp64Milli",0,0,"","","System"
"22.8.13.22.altinityfips","fromModifiedJulianDayOrNull",0,0,"","","System"
"22.8.13.22.altinityfips","shardCount",0,0,"","","System"
"22.8.13.22.altinityfips","shardNum",0,0,"","","System"
"22.8.13.22.altinityfips","toUnixTimestamp",0,0,"","","System"
"22.8.13.22.altinityfips","h3GetRes0Indexes",0,0,"","","System"
"22.8.13.22.altinityfips","ngramMinHashCaseInsensitive",0,0,"","","System"
"22.8.13.22.altinityfips","toInt64OrDefault",0,0,"","","System"
"22.8.13.22.altinityfips","toISOYear",0,0,"","","System"
"22.8.13.22.altinityfips","YEAR",0,1,"","","System"
"22.8.13.22.altinityfips","upper",0,1,"","","System"
"22.8.13.22.altinityfips","greaterOrEquals",0,0,"","","System"
"22.8.13.22.altinityfips","toIntervalMonth",0,0,"","","System"
"22.8.13.22.altinityfips","defaultProfiles",0,0,"","","System"
"22.8.13.22.altinityfips","arrayReverse",0,0,"","","System"
"22.8.13.22.altinityfips","now64",0,1,"","","System"
"22.8.13.22.altinityfips","reverseDNSQuery",0,0,"","","System"
"22.8.13.22.altinityfips","extractAllGroupsHorizontal",0,0,"","","System"
"22.8.13.22.altinityfips","h3ExactEdgeLengthKm",0,0,"","","System"
"22.8.13.22.altinityfips","arrayFilter",0,0,"","","System"
"22.8.13.22.altinityfips","defaultRoles",0,0,"","","System"
"22.8.13.22.altinityfips","toQuarter",0,0,"","","System"
"22.8.13.22.altinityfips","countMatches",0,0,"","","System"
"22.8.13.22.altinityfips","enabledRoles",0,0,"","","System"
"22.8.13.22.altinityfips","currentRoles",0,0,"","","System"
"22.8.13.22.altinityfips","dateTimeToSnowflake",0,0,"","","System"
"22.8.13.22.altinityfips","cutToFirstSignificantSubdomain",0,0,"","","System"
"22.8.13.22.altinityfips","encodeURLComponent",0,0,"","","System"
"22.8.13.22.altinityfips","wordShingleMinHashArgCaseInsensitiveUTF8",0,0,"","","System"
"22.8.13.22.altinityfips","h3GetResolution",0,0,"","","System"
"22.8.13.22.altinityfips","ngramSearch",0,0,"","","System"
"22.8.13.22.altinityfips","lessOrEquals",0,0,"","","System"
"22.8.13.22.altinityfips","subtractQuarters",0,0,"","","System"
"22.8.13.22.altinityfips","fromUnixTimestamp64Nano",0,0,"","","System"
"22.8.13.22.altinityfips","simpleJSONExtractUInt",0,0,"","","System"
"22.8.13.22.altinityfips","addSeconds",0,0,"","","System"
"22.8.13.22.altinityfips","visitParamExtractUInt",0,0,"","","System"
"22.8.13.22.altinityfips","toDecimal64OrDefault",0,0,"","","System"
"22.8.13.22.altinityfips","ngrams",0,0,"","","System"
"22.8.13.22.altinityfips","domain",0,0,"","","System"
"22.8.13.22.altinityfips","toFloat32OrNull",0,0,"","","System"
"22.8.13.22.altinityfips","h3IndexesAreNeighbors",0,0,"","","System"
"22.8.13.22.altinityfips","tupleDivideByNumber",0,0,"","","System"
"22.8.13.22.altinityfips","caseWithoutExpression",0,0,"","","System"
"22.8.13.22.altinityfips","subtractMinutes",0,0,"","","System"
"22.8.13.22.altinityfips","h3Line",0,0,"","","System"
"22.8.13.22.altinityfips","reinterpretAsUInt8",0,0,"","","System"
"22.8.13.22.altinityfips","atanh",0,0,"","","System"
"22.8.13.22.altinityfips","arrayEnumerateUniqRanked",0,0,"","","System"
"22.8.13.22.altinityfips","CRC64",0,1,"","","System"
"22.8.13.22.altinityfips","erf",0,0,"","","System"
"22.8.13.22.altinityfips","trimBoth",0,0,"","","System"
"22.8.13.22.altinityfips","dictGetDateTime",0,0,"","","System"
"22.8.13.22.altinityfips","h3ToGeoBoundary",0,0,"","","System"
"22.8.13.22.altinityfips","multiSearchAnyUTF8",0,0,"","","System"
"22.8.13.22.altinityfips","mapApply",0,0,"","","System"
"22.8.13.22.altinityfips","tumbleEnd",0,0,"","","System"
"22.8.13.22.altinityfips","isInfinite",0,0,"","","System"
"22.8.13.22.altinityfips","FROM_UNIXTIME",0,0,"","","System"
"22.8.13.22.altinityfips","IPv4StringToNum",0,0,"","","System"
"22.8.13.22.altinityfips","positionUTF8",0,0,"","","System"
"22.8.13.22.altinityfips","hasToken",0,0,"","","System"
"22.8.13.22.altinityfips","hypot",0,1,"","","System"
"22.8.13.22.altinityfips","protocol",0,0,"","","System"
"22.8.13.22.altinityfips","if",0,1,"","","System"
"22.8.13.22.altinityfips","toIntervalSecond",0,0,"","","System"
"22.8.13.22.altinityfips","kostikConsistentHash",0,0,"","","System"
"22.8.13.22.altinityfips","regionToContinent",0,0,"","","System"
"22.8.13.22.altinityfips","makeDate32",0,0,"","","System"
"22.8.13.22.altinityfips","ilike",0,0,"","","System"
"22.8.13.22.altinityfips","globalNotNullInIgnoreSet",0,0,"","","System"
"22.8.13.22.altinityfips","h3GetUnidirectionalEdgeBoundary",0,0,"","","System"
"22.8.13.22.altinityfips","globalNullInIgnoreSet",0,0,"","","System"
"22.8.13.22.altinityfips","hasAll",0,0,"","","System"
"22.8.13.22.altinityfips","toTime",0,0,"","","System"
"22.8.13.22.altinityfips","globalNotInIgnoreSet",0,0,"","","System"
"22.8.13.22.altinityfips","splitByChar",0,0,"","","System"
"22.8.13.22.altinityfips","toRelativeDayNum",0,0,"","","System"
"22.8.13.22.altinityfips","notInIgnoreSet",0,0,"","","System"
"22.8.13.22.altinityfips","globalInIgnoreSet",0,0,"","","System"
"22.8.13.22.altinityfips","dictGetUUID",0,0,"","","System"
"22.8.13.22.altinityfips","inIgnoreSet",0,0,"","","System"
"22.8.13.22.altinityfips","arrayConcat",0,0,"","","System"
"22.8.13.22.altinityfips","globalNotNullIn",0,0,"","","System"
"22.8.13.22.altinityfips","notNullIn",0,0,"","","System"
"22.8.13.22.altinityfips","globalNullIn",0,0,"","","System"
"22.8.13.22.altinityfips","dateTime64ToSnowflake",0,0,"","","System"
"22.8.13.22.altinityfips","dictGetInt8OrDefault",0,0,"","","System"
"22.8.13.22.altinityfips","addressToLine",0,0,"","","System"
"22.8.13.22.altinityfips","globalNotIn",0,0,"","","System"
"22.8.13.22.altinityfips","arrayReverseFill",0,0,"","","System"
"22.8.13.22.altinityfips","ifNull",0,1,"","","System"
"22.8.13.22.altinityfips","normalizeQueryKeepNames",0,0,"","","System"
"22.8.13.22.altinityfips","xxHash64",0,0,"","","System"
"22.8.13.22.altinityfips","in",0,0,"","","System"
"22.8.13.22.altinityfips","connectionId",0,1,"","","System"
"22.8.13.22.altinityfips","ngramDistanceCaseInsensitive",0,0,"","","System"
"22.8.13.22.altinityfips","startsWith",0,0,"","","System"
"22.8.13.22.altinityfips","initialQueryID",0,0,"","","System"
"22.8.13.22.altinityfips","murmurHash2_64",0,0,"","","System"
"22.8.13.22.altinityfips","h3GetBaseCell",0,0,"","","System"
"22.8.13.22.altinityfips","bitmapHasAll",0,0,"","","System"
"22.8.13.22.altinityfips","base58Decode",0,0,"","","System"
"22.8.13.22.altinityfips","regionToTopContinent",0,0,"","","System"
"22.8.13.22.altinityfips","cityHash64",0,0,"","","System"
"22.8.13.22.altinityfips","intDiv",0,0,"","","System"
"22.8.13.22.altinityfips","intExp10",0,0,"","","System"
"22.8.13.22.altinityfips","errorCodeToName",0,0,"","","System"
"22.8.13.22.altinityfips","randomFixedString",0,0,"","","System"
"22.8.13.22.altinityfips","substring",0,1,"","","System"
"22.8.13.22.altinityfips","tan",0,1,"","","System"
"22.8.13.22.altinityfips","toWeek",0,0,"","","System"
"22.8.13.22.altinityfips","toStartOfHour",0,0,"","","System"
"22.8.13.22.altinityfips","isDecimalOverflow",0,0,"","","System"
"22.8.13.22.altinityfips","encodeURLFormComponent",0,0,"","","System"
"22.8.13.22.altinityfips","getSizeOfEnumType",0,0,"","","System"
"22.8.13.22.altinityfips","detectLanguageMixed",0,0,"","","System"
"22.8.13.22.altinityfips","multiFuzzyMatchAnyIndex",0,0,"","","System"
"22.8.13.22.altinityfips","toDateTime64OrZero",0,0,"","","System"
"22.8.13.22.altinityfips","subtractSeconds",0,0,"","","System"
"22.8.13.22.altinityfips","tid",0,0,"","","System"
"22.8.13.22.altinityfips","snowflakeToDateTime64",0,0,"","","System"
"22.8.13.22.altinityfips","queryStringAndFragment",0,0,"","","System"
"22.8.13.22.altinityfips","subtractNanoseconds",0,0,"","","System"
"22.8.13.22.altinityfips","exp10",0,0,"","","System"
"22.8.13.22.altinityfips","toIPv6OrDefault",0,0,"","","System"
"22.8.13.22.altinityfips","arrayResize",0,0,"","","System"
"22.8.13.22.altinityfips","IPv6StringToNumOrNull",0,0,"","","System"
"22.8.13.22.altinityfips","throwIf",0,0,"","","System"
"22.8.13.22.altinityfips","IPv6NumToString",0,0,"","","System"
"22.8.13.22.altinityfips","toIPv4OrDefault",0,0,"","","System"
"22.8.13.22.altinityfips","emptyArrayDate",0,0,"","","System"
"22.8.13.22.altinityfips","CRC32IEEE",0,1,"","","System"
"22.8.13.22.altinityfips","IPv4NumToStringClassC",0,0,"","","System"
"22.8.13.22.altinityfips","IPv4NumToString",0,0,"","","System"
"22.8.13.22.altinityfips","IPv4CIDRToRange",0,0,"","","System"
"22.8.13.22.altinityfips","UUIDNumToString",0,0,"","","System"
"22.8.13.22.altinityfips","IPv4StringToNumOrDefault",0,0,"","","System"
"22.8.13.22.altinityfips","MACStringToNum",0,0,"","","System"
"22.8.13.22.altinityfips","toStartOfMicrosecond",0,0,"","","System"
"22.8.13.22.altinityfips","IPv4ToIPv6",0,0,"","","System"
"22.8.13.22.altinityfips","isNullable",0,0,"","","System"
"22.8.13.22.altinityfips","isZeroOrNull",0,0,"","","System"
"22.8.13.22.altinityfips","lower",0,1,"","","System"
"22.8.13.22.altinityfips","parseDateTime32BestEffortOrNull",0,0,"","","System"
"22.8.13.22.altinityfips","cutToFirstSignificantSubdomainWithWWW",0,0,"","","System"
"22.8.13.22.altinityfips","wordShingleSimHashCaseInsensitive",0,0,"","","System"
"22.8.13.22.altinityfips","bitXor",0,0,"","","System"
"22.8.13.22.altinityfips","lcm",0,0,"","","System"
"22.8.13.22.altinityfips","leftUTF8",0,0,"","","System"
"22.8.13.22.altinityfips","asin",0,1,"","","System"
"22.8.13.22.altinityfips","left",0,1,"","","System"
"22.8.13.22.altinityfips","runningDifferenceStartingWithFirstValue",0,0,"","","System"
"22.8.13.22.altinityfips","h3CellAreaM2",0,0,"","","System"
"22.8.13.22.altinityfips","h3PointDistM",0,0,"","","System"
"22.8.13.22.altinityfips","lemmatize",0,1,"","","System"
"22.8.13.22.altinityfips","rightPad",0,0,"","","System"
"22.8.13.22.altinityfips","bitNot",0,0,"","","System"
"22.8.13.22.altinityfips","toStartOfDay",0,0,"","","System"
"22.8.13.22.altinityfips","caseWithoutExpr",0,0,"","","System"
"22.8.13.22.altinityfips","CHAR_LENGTH",0,1,"","","System"
"22.8.13.22.altinityfips","lengthUTF8",0,0,"","","System"
"22.8.13.22.altinityfips","visitParamExtractFloat",0,0,"","","System"
"22.8.13.22.altinityfips","toStartOfFiveMinutes",0,0,"","","System"
"22.8.13.22.altinityfips","reinterpretAsUInt128",0,0,"","","System"
"22.8.13.22.altinityfips","lgamma",0,0,"","","System"
"22.8.13.22.altinityfips","like",0,0,"","","System"
"22.8.13.22.altinityfips","log2",0,1,"","","System"
"22.8.13.22.altinityfips","LinfNormalize",0,0,"","","System"
"22.8.13.22.altinityfips","extractURLParameterNames",0,0,"","","System"
"22.8.13.22.altinityfips","arrayMax",0,0,"","","System"
"22.8.13.22.altinityfips","toUUIDOrDefault",0,0,"","","System"
"22.8.13.22.altinityfips","polygonsIntersectionCartesian",0,0,"","","System"
"22.8.13.22.altinityfips","polygonPerimeterSpherical",0,0,"","","System"
"22.8.13.22.altinityfips","toInt128OrDefault",0,0,"","","System"
"22.8.13.22.altinityfips","nullIn",0,0,"","","System"
"22.8.13.22.altinityfips","dictGetInt64",0,0,"","","System"
"22.8.13.22.altinityfips","IPv6StringToNum",0,0,"","","System"
"22.8.13.22.altinityfips","normalizeUTF8NFD",0,0,"","","System"
"22.8.13.22.altinityfips","leftPadUTF8",0,0,"","","System"
"22.8.13.22.altinityfips","toUInt8OrDefault",0,0,"","","System"
"22.8.13.22.altinityfips","filesystemFree",0,0,"","","System"
"22.8.13.22.altinityfips","SHA224",0,0,"","","System"
"22.8.13.22.altinityfips","visitParamExtractBool",0,0,"","","System"
"22.8.13.22.altinityfips","h3kRing",0,0,"","","System"
"22.8.13.22.altinityfips","s2RectIntersection",0,0,"","","System"
"22.8.13.22.altinityfips","CAST",0,1,"","","System"
"22.8.13.22.altinityfips","mapContainsKeyLike",0,0,"","","System"
"22.8.13.22.altinityfips","regexpQuoteMeta",0,0,"","","System"
"22.8.13.22.altinityfips","notNullInIgnoreSet",0,0,"","","System"
"22.8.13.22.altinityfips","toIPv4",0,0,"","","System"
"22.8.13.22.altinityfips","mapValues",0,0,"","","System"
"22.8.13.22.altinityfips","toTypeName",0,0,"","","System"
"22.8.13.22.altinityfips","polygonsUnionCartesian",0,0,"","","System"
"22.8.13.22.altinityfips","toDateTime64OrNull",0,0,"","","System"
"22.8.13.22.altinityfips","regionHierarchy",0,0,"","","System"
"22.8.13.22.altinityfips","polygonsWithinCartesian",0,0,"","","System"
"22.8.13.22.altinityfips","materialize",0,0,"","","System"
"22.8.13.22.altinityfips","dictGetUUIDOrDefault",0,0,"","","System"
"22.8.13.22.altinityfips","proportionsZTest",0,0,"","","System"
"22.8.13.22.altinityfips","arrayZip",0,0,"","","System"
"22.8.13.22.altinityfips","upperUTF8",0,0,"","","System"
"22.8.13.22.altinityfips","multiSearchAnyCaseInsensitiveUTF8",0,0,"","","System"
"22.8.13.22.altinityfips","minSampleSizeContinous",0,0,"","","System"
"22.8.13.22.altinityfips","toYYYYMM",0,0,"","","System"
"22.8.13.22.altinityfips","arrayEnumerateDenseRanked",0,0,"","","System"
"22.8.13.22.altinityfips","reinterpretAsUUID",0,0,"","","System"
"22.8.13.22.altinityfips","simpleJSONExtractFloat",0,0,"","","System"
"22.8.13.22.altinityfips","h3HexAreaM2",0,0,"","","System"
"22.8.13.22.altinityfips","toYYYYMMDDhhmmss",0,0,"","","System"
"22.8.13.22.altinityfips","h3NumHexagons",0,0,"","","System"
"22.8.13.22.altinityfips","parseDateTime64BestEffortUSOrNull",0,0,"","","System"
"22.8.13.22.altinityfips","moduloLegacy",0,0,"","","System"
"22.8.13.22.altinityfips","mapExtractKeyLike",0,0,"","","System"
"22.8.13.22.altinityfips","addWeeks",0,0,"","","System"
"22.8.13.22.altinityfips","cosh",0,0,"","","System"
"22.8.13.22.altinityfips","position",0,1,"","","System"
"22.8.13.22.altinityfips","__bitBoolMaskOr",0,0,"","","System"
"22.8.13.22.altinityfips","randomString",0,0,"","","System"
"22.8.13.22.altinityfips","normalizeUTF8NFKD",0,0,"","","System"
"22.8.13.22.altinityfips","sigmoid",0,0,"","","System"
"22.8.13.22.altinityfips","normalizeUTF8NFC",0,0,"","","System"
"22.8.13.22.altinityfips","LinfNorm",0,0,"","","System"
"22.8.13.22.altinityfips","FROM_BASE64",0,1,"","","System"
"22.8.13.22.altinityfips","multiSearchAllPositions",0,0,"","","System"
"22.8.13.22.altinityfips","partitionId",0,0,"","","System"
"22.8.13.22.altinityfips","roundToExp2",0,0,"","","System"
"22.8.13.22.altinityfips","toDecimal32OrDefault",0,0,"","","System"
"22.8.13.22.altinityfips","mapSubtract",0,0,"","","System"
"22.8.13.22.altinityfips","roundDuration",0,0,"","","System"
"22.8.13.22.altinityfips","toDate32OrDefault",0,0,"","","System"
"22.8.13.22.altinityfips","addMinutes",0,0,"","","System"
"22.8.13.22.altinityfips","tcpPort",0,0,"","","System"
"22.8.13.22.altinityfips","subtractHours",0,0,"","","System"
"22.8.13.22.altinityfips","arrayReverseSplit",0,0,"","","System"
"22.8.13.22.altinityfips","transactionOldestSnapshot",0,0,"","","System"
"22.8.13.22.altinityfips","dumpColumnStructure",0,0,"","","System"
"22.8.13.22.altinityfips","multiSearchFirstIndex",0,0,"","","System"
"22.8.13.22.altinityfips","multiSearchFirstIndexCaseInsensitiveUTF8",0,0,"","","System"
"22.8.13.22.altinityfips","positionCaseInsensitiveUTF8",0,0,"","","System"
"22.8.13.22.altinityfips","parseDateTime32BestEffortOrZero",0,0,"","","System"
"22.8.13.22.altinityfips","blockNumber",0,0,"","","System"
"22.8.13.22.altinityfips","rightUTF8",0,0,"","","System"
"22.8.13.22.altinityfips","cutURLParameter",0,0,"","","System"
"22.8.13.22.altinityfips","max2",0,1,"","","System"
"22.8.13.22.altinityfips","multiSearchFirstPositionCaseInsensitive",0,0,"","","System"
"22.8.13.22.altinityfips","indexOf",0,0,"","","System"
"22.8.13.22.altinityfips","addMicroseconds",0,0,"","","System"
"22.8.13.22.altinityfips","formatDateTime",0,0,"","","System"
"22.8.13.22.altinityfips","toInt8OrDefault",0,0,"","","System"
"22.8.13.22.altinityfips","joinGet",0,0,"","","System"
"22.8.13.22.altinityfips","windowID",0,0,"","","System"
"22.8.13.22.altinityfips","hasColumnInTable",0,0,"","","System"
"22.8.13.22.altinityfips","toRelativeHourNum",0,0,"","","System"
"22.8.13.22.altinityfips","arrayCount",0,0,"","","System"
"22.8.13.22.altinityfips","toDecimal128OrDefault",0,0,"","","System"
"22.8.13.22.altinityfips","geoToH3",0,0,"","","System"
"22.8.13.22.altinityfips","firstSignificantSubdomainCustom",0,0,"","","System"
"22.8.13.22.altinityfips","toUnixTimestamp64Milli",0,0,"","","System"
"22.8.13.22.altinityfips","simpleJSONExtractBool",0,0,"","","System"
"22.8.13.22.altinityfips","normalizeUTF8NFKC",0,0,"","","System"
"22.8.13.22.altinityfips","parseDateTimeBestEffortUSOrNull",0,0,"","","System"
"22.8.13.22.altinityfips","detectProgrammingLanguage",0,0,"","","System"
"22.8.13.22.altinityfips","neighbor",0,0,"","","System"
"22.8.13.22.altinityfips","arrayDistinct",0,0,"","","System"
"22.8.13.22.altinityfips","toFloat32OrDefault",0,0,"","","System"
"22.8.13.22.altinityfips","extractURLParameter",0,0,"","","System"
"22.8.13.22.altinityfips","zookeeperSessionUptime",0,0,"","","System"
"22.8.13.22.altinityfips","toMonday",0,0,"","","System"
"22.8.13.22.altinityfips","dictGetInt32OrDefault",0,0,"","","System"
"22.8.13.22.altinityfips","toYear",0,0,"","","System"
"22.8.13.22.altinityfips","toUInt256OrZero",0,0,"","","System"
"22.8.13.22.altinityfips","toStringCutToZero",0,0,"","","System"
"22.8.13.22.altinityfips","toUInt8OrZero",0,0,"","","System"
"22.8.13.22.altinityfips","not",0,1,"","","System"
"22.8.13.22.altinityfips","reinterpretAsInt8",0,0,"","","System"
"22.8.13.22.altinityfips","normalizedQueryHashKeepNames",0,0,"","","System"
"22.8.13.22.altinityfips","log10",0,1,"","","System"
"22.8.13.22.altinityfips","globalIn",0,0,"","","System"
"22.8.13.22.altinityfips","notILike",0,0,"","","System"
"22.8.13.22.altinityfips","geohashDecode",0,0,"","","System"
"22.8.13.22.altinityfips","toModifiedJulianDay",0,0,"","","System"
"22.8.13.22.altinityfips","notLike",0,0,"","","System"
"22.8.13.22.altinityfips","fragment",0,0,"","","System"
"22.8.13.22.altinityfips","match",0,0,"","","System"
"22.8.13.22.altinityfips","uptime",0,0,"","","System"
"22.8.13.22.altinityfips","dictGetDateTimeOrDefault",0,0,"","","System"
"22.8.13.22.altinityfips","greater",0,0,"","","System"
"22.8.13.22.altinityfips","toRelativeMonthNum",0,0,"","","System"
"22.8.13.22.altinityfips","addMilliseconds",0,0,"","","System"
"22.8.13.22.altinityfips","CRC32",0,1,"","","System"
"22.8.13.22.altinityfips","multiSearchFirstPositionUTF8",0,0,"","","System"
"22.8.13.22.altinityfips","emptyArrayString",0,0,"","","System"
"22.8.13.22.altinityfips","bitOr",0,0,"","","System"
"22.8.13.22.altinityfips","sleep",0,0,"","","System"
"22.8.13.22.altinityfips","arrayElement",0,0,"","","System"
"22.8.13.22.altinityfips","getServerPort",0,0,"","","System"
"22.8.13.22.altinityfips","runningDifference",0,0,"","","System"
"22.8.13.22.altinityfips","JSONHas",0,0,"","","System"
"22.8.13.22.altinityfips","tgamma",0,0,"","","System"
"22.8.13.22.altinityfips","emptyArrayToSingle",0,0,"","","System"
"22.8.13.22.altinityfips","reinterpretAsInt128",0,0,"","","System"
"22.8.13.22.altinityfips","h3ToChildren",0,0,"","","System"
"22.8.13.22.altinityfips","toIPv4OrNull",0,0,"","","System"
"22.8.13.22.altinityfips","toUInt32OrDefault",0,0,"","","System"
"22.8.13.22.altinityfips","emptyArrayFloat32",0,0,"","","System"
"22.8.13.22.altinityfips","file",0,0,"","","System"
"22.8.13.22.altinityfips","MACStringToOUI",0,0,"","","System"
"22.8.13.22.altinityfips","roundAge",0,0,"","","System"
"22.8.13.22.altinityfips","toDecimal256OrDefault",0,0,"","","System"
"22.8.13.22.altinityfips","L2SquaredDistance",0,0,"","","System"
"22.8.13.22.altinityfips","emptyArrayInt64",0,0,"","","System"
"22.8.13.22.altinityfips","simpleJSONExtractString",0,0,"","","System"
"22.8.13.22.altinityfips","toUInt128",0,0,"","","System"
"22.8.13.22.altinityfips","emptyArrayUInt64",0,0,"","","System"
"22.8.13.22.altinityfips","h3EdgeAngle",0,0,"","","System"
"22.8.13.22.altinityfips","polygonPerimeterCartesian",0,0,"","","System"
"22.8.13.22.altinityfips","exp2",0,0,"","","System"
"22.8.13.22.altinityfips","concatAssumeInjective",0,0,"","","System"
"22.8.13.22.altinityfips","h3IsValid",0,0,"","","System"
"22.8.13.22.altinityfips","emptyArrayUInt32",0,0,"","","System"
"22.8.13.22.altinityfips","cutIPv6",0,0,"","","System"
"22.8.13.22.altinityfips","dotProduct",0,0,"","","System"
"22.8.13.22.altinityfips","emptyArrayUInt16",0,0,"","","System"
"22.8.13.22.altinityfips","toDateTimeOrZero",0,0,"","","System"
"22.8.13.22.altinityfips","nullIf",0,1,"","","System"
"22.8.13.22.altinityfips","decodeURLComponent",0,0,"","","System"
"22.8.13.22.altinityfips","bitAnd",0,0,"","","System"
"22.8.13.22.altinityfips","dictGetChildren",0,0,"","","System"
"22.8.13.22.altinityfips","toInt256OrDefault",0,0,"","","System"
"22.8.13.22.altinityfips","plus",0,0,"","","System"
"22.8.13.22.altinityfips","multiSearchAllPositionsCaseInsensitive",0,0,"","","System"
"22.8.13.22.altinityfips","randConstant",0,0,"","","System"
"22.8.13.22.altinityfips","DATE",0,1,"","","System"
"22.8.13.22.altinityfips","h3CellAreaRads2",0,0,"","","System"
"22.8.13.22.altinityfips","pointInEllipses",0,0,"","","System"
"22.8.13.22.altinityfips","toInt256OrZero",0,0,"","","System"
"22.8.13.22.altinityfips","pointInPolygon",0,0,"","","System"
"22.8.13.22.altinityfips","JSON_QUERY",0,0,"","","System"
"22.8.13.22.altinityfips","isIPv4String",0,0,"","","System"
"22.8.13.22.altinityfips","e",0,0,"","","System"
"22.8.13.22.altinityfips","polygonsSymDifferenceCartesian",0,0,"","","System"
"22.8.13.22.altinityfips","visibleWidth",0,0,"","","System"
"22.8.13.22.altinityfips","toStartOfWeek",0,0,"","","System"
"22.8.13.22.altinityfips","multiFuzzyMatchAny",0,0,"","","System"
"22.8.13.22.altinityfips","flattenTuple",0,0,"","","System"
"22.8.13.22.altinityfips","polygonsWithinSpherical",0,0,"","","System"
"22.8.13.22.altinityfips","timezoneOffset",0,0,"","","System"
"22.8.13.22.altinityfips","transform",0,0,"","","System"
"22.8.13.22.altinityfips","encodeXMLComponent",0,0,"","","System"
"22.8.13.22.altinityfips","h3Distance",0,0,"","","System"
"22.8.13.22.altinityfips","toInt16",0,0,"","","System"
"22.8.13.22.altinityfips","reverse",0,1,"","","System"
"22.8.13.22.altinityfips","L2Normalize",0,0,"","","System"
"22.8.13.22.altinityfips","pow",0,1,"","","System"
"22.8.13.22.altinityfips","positionCaseInsensitive",0,0,"","","System"
"22.8.13.22.altinityfips","toBool",0,0,"","","System"
"22.8.13.22.altinityfips","queryString",0,0,"","","System"
"22.8.13.22.altinityfips","initializeAggregation",0,0,"","","System"
"22.8.13.22.altinityfips","toDateTime64",0,0,"","","System"
"22.8.13.22.altinityfips","yesterday",0,0,"","","System"
"22.8.13.22.altinityfips","tuple",0,0,"","","System"
"22.8.13.22.altinityfips","regionToDistrict",0,0,"","","System"
"22.8.13.22.altinityfips","modulo",0,0,"","","System"
"22.8.13.22.altinityfips","unbin",0,1,"","","System"
"22.8.13.22.altinityfips","reinterpret",0,0,"","","System"
"22.8.13.22.altinityfips","toLastDayOfMonth",0,0,"","","System"
"22.8.13.22.altinityfips","randomPrintableASCII",0,0,"","","System"
"22.8.13.22.altinityfips","notEquals",0,0,"","","System"
"22.8.13.22.altinityfips","snowflakeToDateTime",0,0,"","","System"
"22.8.13.22.altinityfips","reinterpretAsDateTime",0,0,"","","System"
"22.8.13.22.altinityfips","caseWithExpr",0,0,"","","System"
"22.8.13.22.altinityfips","s2CellsIntersect",0,0,"","","System"
"22.8.13.22.altinityfips","multiSearchAnyCaseInsensitive",0,0,"","","System"
"22.8.13.22.altinityfips","s2GetNeighbors",0,0,"","","System"
"22.8.13.22.altinityfips","countSubstrings",0,1,"","","System"
"22.8.13.22.altinityfips","reinterpretAsFloat64",0,0,"","","System"
"22.8.13.22.altinityfips","arrayAll",0,0,"","","System"
"22.8.13.22.altinityfips","toIntervalDay",0,0,"","","System"
"22.8.13.22.altinityfips","reinterpretAsFloat32",0,0,"","","System"
"22.8.13.22.altinityfips","isIPv6String",0,0,"","","System"
"22.8.13.22.altinityfips","topLevelDomain",0,0,"","","System"
"22.8.13.22.altinityfips","greatest",0,1,"","","System"
"22.8.13.22.altinityfips","visitParamExtractRaw",0,0,"","","System"
"22.8.13.22.altinityfips","toStartOfMillisecond",0,0,"","","System"
"22.8.13.22.altinityfips","reinterpretAsInt64",0,0,"","","System"
"22.8.13.22.altinityfips","arrayLast",0,0,"","","System"
"22.8.13.22.altinityfips","getSetting",0,0,"","","System"
"22.8.13.22.altinityfips","toFloat64OrDefault",0,0,"","","System"
"22.8.13.22.altinityfips","reinterpretAsInt16",0,0,"","","System"
"22.8.13.22.altinityfips","and",0,0,"","","System"
"22.8.13.22.altinityfips","detectLanguageUnknown",0,0,"","","System"
"22.8.13.22.altinityfips","reinterpretAsUInt256",0,0,"","","System"
"22.8.13.22.altinityfips","nowInBlock",0,0,"","","System"
"22.8.13.22.altinityfips","reinterpretAsUInt16",0,0,"","","System"
"22.8.13.22.altinityfips","isNull",0,1,"","","System"
"22.8.13.22.altinityfips","multiSearchAllPositionsCaseInsensitiveUTF8",0,0,"","","System"
"22.8.13.22.altinityfips","isNaN",0,0,"","","System"
"22.8.13.22.altinityfips","hasThreadFuzzer",0,0,"","","System"
"22.8.13.22.altinityfips","arrayAUC",0,0,"","","System"
"22.8.13.22.altinityfips","multiMatchAllIndices",0,0,"","","System"
"22.8.13.22.altinityfips","replaceRegexpAll",0,0,"","","System"
"22.8.13.22.altinityfips","timeSlot",0,0,"","","System"
"22.8.13.22.altinityfips","log",0,1,"","","System"
"22.8.13.22.altinityfips","DAYOFMONTH",0,1,"","","System"
"22.8.13.22.altinityfips","gcd",0,0,"","","System"
"22.8.13.22.altinityfips","toDayOfMonth",0,0,"","","System"
"22.8.13.22.altinityfips","stem",0,1,"","","System"
"22.8.13.22.altinityfips","JSON_EXISTS",0,0,"","","System"
"22.8.13.22.altinityfips","isIPAddressInRange",0,0,"","","System"
"22.8.13.22.altinityfips","toSecond",0,0,"","","System"
"22.8.13.22.altinityfips","subBitmap",0,0,"","","System"
"22.8.13.22.altinityfips","base64Decode",0,0,"","","System"
"22.8.13.22.altinityfips","defaultValueOfArgumentType",0,0,"","","System"
"22.8.13.22.altinityfips","hiveHash",0,0,"","","System"
"22.8.13.22.altinityfips","randomStringUTF8",0,0,"","","System"
"22.8.13.22.altinityfips","arrayLastOrNull",0,0,"","","System"
"22.8.13.22.altinityfips","murmurHash3_64",0,0,"","","System"
"22.8.13.22.altinityfips","reverseUTF8",0,0,"","","System"
"22.8.13.22.altinityfips","toStartOfMonth",0,0,"","","System"
"22.8.13.22.altinityfips","floor",0,1,"","","System"
"22.8.13.22.altinityfips","bitTestAny",0,0,"","","System"
"22.8.13.22.altinityfips","negate",0,0,"","","System"
"22.8.13.22.altinityfips","modelEvaluate",0,0,"","","System"
"22.8.13.22.altinityfips","addQuarters",0,0,"","","System"
"22.8.13.22.altinityfips","readWKTPolygon",0,0,"","","System"
"22.8.13.22.altinityfips","geohashesInBox",0,0,"","","System"
"22.8.13.22.altinityfips","equals",0,0,"","","System"
"22.8.13.22.altinityfips","cosineDistance",0,0,"","","System"
"22.8.13.22.altinityfips","right",0,1,"","","System"
"22.8.13.22.altinityfips","DAY",0,1,"","","System"
"22.8.13.22.altinityfips","tupleMinus",0,0,"","","System"
"22.8.13.22.altinityfips","dateName",0,1,"","","System"
"22.8.13.22.altinityfips","arrayFlatten",0,0,"","","System"
"22.8.13.22.altinityfips","toDate",0,0,"","","System"
"22.8.13.22.altinityfips","s2RectContains",0,0,"","","System"
"22.8.13.22.altinityfips","polygonsSymDifferenceSpherical",0,0,"","","System"
"22.8.13.22.altinityfips","tanh",0,1,"","","System"
"22.8.13.22.altinityfips","dateDiff",0,1,"","","System"
"22.8.13.22.altinityfips","bitRotateRight",0,0,"","","System"
"22.8.13.22.altinityfips","arrayReverseSort",0,0,"","","System"
"22.8.13.22.altinityfips","hostName",0,0,"","","System"
"22.8.13.22.altinityfips","toUInt256OrDefault",0,0,"","","System"
"22.8.13.22.altinityfips","serverUUID",0,0,"","","System"
"22.8.13.22.altinityfips","reinterpretAsFixedString",0,0,"","","System"
"22.8.13.22.altinityfips","geoDistance",0,0,"","","System"
"22.8.13.22.altinityfips","arrayFirst",0,0,"","","System"
"22.8.13.22.altinityfips","h3UnidirectionalEdgeIsValid",0,0,"","","System"
"22.8.13.22.altinityfips","substringUTF8",0,0,"","","System"
"22.8.13.22.altinityfips","log1p",0,0,"","","System"
"22.8.13.22.altinityfips","accurateCastOrDefault",0,0,"","","System"
"22.8.13.22.altinityfips","toUnixTimestamp64Nano",0,0,"","","System"
"22.8.13.22.altinityfips","arrayLastIndex",0,0,"","","System"
"22.8.13.22.altinityfips","bitShiftLeft",0,0,"","","System"
"22.8.13.22.altinityfips","netloc",0,0,"","","System"
"22.8.13.22.altinityfips","meiliMatch",0,0,"","","System"
"22.8.13.22.altinityfips","arrayEnumerate",0,0,"","","System"
"22.8.13.22.altinityfips","exp",0,1,"","","System"
"22.8.13.22.altinityfips","tupleNegate",0,0,"","","System"
"22.8.13.22.altinityfips","toRelativeQuarterNum",0,0,"","","System"
"22.8.13.22.altinityfips","parseDateTimeBestEffortUS",0,0,"","","System"
"22.8.13.22.altinityfips","mapPopulateSeries",0,0,"","","System"
"22.8.13.22.altinityfips","parseDateTime64BestEffortUS",0,0,"","","System"
"22.8.13.22.altinityfips","synonyms",0,1,"","","System"
"22.8.13.22.altinityfips","isFinite",0,0,"","","System"
"22.8.13.22.altinityfips","toDayOfWeek",0,0,"","","System"
"22.8.13.22.altinityfips","DAYOFYEAR",0,1,"","","System"
"22.8.13.22.altinityfips","reinterpretAsString",0,0,"","","System"
"22.8.13.22.altinityfips","toValidUTF8",0,0,"","","System"
"22.8.13.22.altinityfips","abs",0,1,"","","System"
"22.8.13.22.altinityfips","arrayWithConstant",0,0,"","","System"
"22.8.13.22.altinityfips","toStartOfNanosecond",0,0,"","","System"
"22.8.13.22.altinityfips","toIntervalNanosecond",0,0,"","","System"
"22.8.13.22.altinityfips","SHA256",0,0,"","","System"
"22.8.13.22.altinityfips","LpDistance",0,0,"","","System"
"22.8.13.22.altinityfips","dictGetInt8",0,0,"","","System"
"22.8.13.22.altinityfips","isValidUTF8",0,0,"","","System"
"22.8.13.22.altinityfips","h3PointDistKm",0,0,"","","System"
"22.8.13.22.altinityfips","multiSearchAllPositionsUTF8",0,0,"","","System"
"22.8.13.22.altinityfips","toYearWeek",0,0,"","","System"
"22.8.13.22.altinityfips","toFixedString",0,0,"","","System"
"22.8.13.22.altinityfips","hasTokenCaseInsensitive",0,0,"","","System"
"22.8.13.22.altinityfips","toStartOfYear",0,0,"","","System"
"22.8.13.22.altinityfips","toDecimal256",0,0,"","","System"
"22.8.13.22.altinityfips","multiSearchFirstPositionCaseInsensitiveUTF8",0,0,"","","System"
"22.8.13.22.altinityfips","cutFragment",0,0,"","","System"
"22.8.13.22.altinityfips","arrayCompact",0,0,"","","System"
"22.8.13.22.altinityfips","addHours",0,0,"","","System"
"22.8.13.22.altinityfips","HOUR",0,1,"","","System"
"22.8.13.22.altinityfips","lowerUTF8",0,0,"","","System"
"22.8.13.22.altinityfips","isConstant",0,0,"","","System"
"22.8.13.22.altinityfips","L1Norm",0,0,"","","System"
"22.8.13.22.altinityfips","visitParamExtractString",0,0,"","","System"
"22.8.13.22.altinityfips","parseDateTime64BestEffortOrNull",0,0,"","","System"
"22.8.13.22.altinityfips","coalesce",0,1,"","","System"
"22.8.13.22.altinityfips","basename",0,0,"","","System"
"22.8.13.22.altinityfips","LAST_DAY",0,1,"","","System"
"22.8.13.22.altinityfips","domainWithoutWWW",0,0,"","","System"
"22.8.13.22.altinityfips","MINUTE",0,1,"","","System"
"22.8.13.22.altinityfips","toIntervalWeek",0,0,"","","System"
"22.8.13.22.altinityfips","toRelativeSecondNum",0,0,"","","System"
"22.8.13.22.altinityfips","replaceAll",0,0,"","","System"
"22.8.13.22.altinityfips","toModifiedJulianDayOrNull",0,0,"","","System"
"22.8.13.22.altinityfips","splitByString",0,0,"","","System"
"22.8.13.22.altinityfips","rowNumberInBlock",0,0,"","","System"
"22.8.13.22.altinityfips","acosh",0,0,"","","System"
"22.8.13.22.altinityfips","toRelativeMinuteNum",0,0,"","","System"
"22.8.13.22.altinityfips","toRelativeYearNum",0,0,"","","System"
"22.8.13.22.altinityfips","translate",0,0,"","","System"
"22.8.13.22.altinityfips","trimRight",0,0,"","","System"
"22.8.13.22.altinityfips","runningConcurrency",0,0,"","","System"
"22.8.13.22.altinityfips","toDateOrDefault",0,0,"","","System"
"22.8.13.22.altinityfips","repeat",0,1,"","","System"
"22.8.13.22.altinityfips","unhex",0,1,"","","System"
"22.8.13.22.altinityfips","toInt8OrNull",0,0,"","","System"
"22.8.13.22.altinityfips","regionToPopulation",0,0,"","","System"
"22.8.13.22.altinityfips","toStartOfISOYear",0,0,"","","System"
"22.8.13.22.altinityfips","map",0,0,"","","System"
"22.8.13.22.altinityfips","wordShingleMinHashCaseInsensitiveUTF8",0,0,"","","System"
"22.8.13.22.altinityfips","s2CapUnion",0,0,"","","System"
"22.8.13.22.altinityfips","intDivOrZero",0,0,"","","System"
"22.8.13.22.altinityfips","toStartOfTenMinutes",0,0,"","","System"
"22.8.13.22.altinityfips","arrayEnumerateUniq",0,0,"","","System"
"22.8.13.22.altinityfips","bitmaskToArray",0,0,"","","System"
"22.8.13.22.altinityfips","min2",0,1,"","","System"
"22.8.13.22.altinityfips","length",0,1,"","","System"
"22.8.13.22.altinityfips","toHour",0,0,"","","System"
"22.8.13.22.altinityfips","toStartOfFifteenMinutes",0,0,"","","System"
"22.8.13.22.altinityfips","toYYYYMMDD",0,0,"","","System"
"22.8.13.22.altinityfips","h3IsResClassIII",0,0,"","","System"
"22.8.13.22.altinityfips","cutQueryStringAndFragment",0,0,"","","System"
"22.8.13.22.altinityfips","extractAllGroupsVertical",0,0,"","","System"
"22.8.13.22.altinityfips","isValidJSON",0,0,"","","System"
"22.8.13.22.altinityfips","pi",0,1,"","","System"
"22.8.13.22.altinityfips","wordShingleMinHashCaseInsensitive",0,0,"","","System"
"22.8.13.22.altinityfips","dictGetDateOrDefault",0,0,"","","System"
"22.8.13.22.altinityfips","dictGetUInt64OrDefault",0,0,"","","System"
"22.8.13.22.altinityfips","queryID",0,0,"","","System"
"22.8.13.22.altinityfips","path",0,0,"","","System"
"22.8.13.22.altinityfips","wordShingleMinHashArgCaseInsensitive",0,0,"","","System"
"22.8.13.22.altinityfips","subtractWeeks",0,0,"","","System"
"22.8.13.22.altinityfips","less",0,0,"","","System"
"22.8.13.22.altinityfips","L2SquaredNorm",0,0,"","","System"
"22.8.13.22.altinityfips","emptyArrayInt8",0,0,"","","System"
"22.8.13.22.altinityfips","now",0,1,"","","System"
"22.8.13.22.altinityfips","mapAdd",0,0,"","","System"
"22.8.13.22.altinityfips","toInt32OrDefault",0,0,"","","System"
"22.8.13.22.altinityfips","xor",0,0,"","","System"
"22.8.13.22.altinityfips","toInt256",0,0,"","","System"
"22.8.13.22.altinityfips","sign",0,1,"","","System"
"22.8.13.22.altinityfips","mapKeys",0,0,"","","System"
"22.8.13.22.altinityfips","tupleElement",0,0,"","","System"
"22.8.13.22.altinityfips","addYears",0,0,"","","System"
"22.8.13.22.altinityfips","validateNestedArraySizes",0,0,"","","System"
"22.8.13.22.altinityfips","L1Distance",0,0,"","","System"
"22.8.13.22.altinityfips","filesystemAvailable",0,0,"","","System"
"22.8.13.22.altinityfips","reinterpretAsDate",0,0,"","","System"
"22.8.13.22.altinityfips","polygonAreaCartesian",0,0,"","","System"
"22.8.13.22.altinityfips","arrayUniq",0,0,"","","System"
"22.8.13.22.altinityfips","intExp2",0,0,"","","System"
"22.8.13.22.altinityfips","byteSize",0,0,"","","System"
"22.8.13.22.altinityfips","getOSKernelVersion",0,0,"","","System"
"22.8.13.22.altinityfips","filesystemCapacity",0,0,"","","System"
"22.8.13.22.altinityfips","reinterpretAsUInt32",0,0,"","","System"
"22.8.13.22.altinityfips","toISOWeek",0,0,"","","System"
"22.8.13.22.altinityfips","reinterpretAsInt256",0,0,"","","System"
"22.8.13.22.altinityfips","hasAny",0,0,"","","System"
"22.8.13.22.altinityfips","toIntervalMicrosecond",0,0,"","","System"
"22.8.13.22.altinityfips","L1Normalize",0,0,"","","System"
"22.8.13.22.altinityfips","toColumnTypeName",0,0,"","","System"
"22.8.13.22.altinityfips","arrayMin",0,0,"","","System"
"22.8.13.22.altinityfips","LinfDistance",0,0,"","","System"
"22.8.13.22.altinityfips","toDateTime32",0,0,"","","System"
"22.8.13.22.altinityfips","toIPv6",0,0,"","","System"
"22.8.13.22.altinityfips","arraySplit",0,0,"","","System"
"22.8.13.22.altinityfips","decodeURLFormComponent",0,0,"","","System"
"22.8.13.22.altinityfips","L2Distance",0,0,"","","System"
"22.8.13.22.altinityfips","toDateTimeOrDefault",0,0,"","","System"
"22.8.13.22.altinityfips","bitmapAndnot",0,0,"","","System"
"22.8.13.22.altinityfips","bitmapXorCardinality",0,0,"","","System"
"22.8.13.22.altinityfips","IPv6StringToNumOrDefault",0,0,"","","System"
"22.8.13.22.altinityfips","greatCircleDistance",0,0,"","","System"
"22.8.13.22.altinityfips","globalVariable",0,0,"","","System"
"22.8.13.22.altinityfips","pathFull",0,0,"","","System"
"22.8.13.22.altinityfips","port",0,0,"","","System"
"22.8.13.22.altinityfips","h3ToString",0,0,"","","System"
"22.8.13.22.altinityfips","LpNorm",0,0,"","","System"
"22.8.13.22.altinityfips","ngramMinHashUTF8",0,0,"","","System"
"22.8.13.22.altinityfips","sqrt",0,1,"","","System"
"22.8.13.22.altinityfips","bitRotateLeft",0,0,"","","System"
"22.8.13.22.altinityfips","toUInt16OrZero",0,0,"","","System"
"22.8.13.22.altinityfips","emptyArrayDateTime",0,0,"","","System"
"22.8.13.22.altinityfips","tupleMultiply",0,0,"","","System"
"22.8.13.22.altinityfips","visitParamHas",0,0,"","","System"
"22.8.13.22.altinityfips","JSONExtractKeysAndValuesRaw",0,0,"","","System"
"22.8.13.22.altinityfips","multiMatchAnyIndex",0,0,"","","System"
"22.8.13.22.altinityfips","rightPadUTF8",0,0,"","","System"
"22.8.13.22.altinityfips","cutToFirstSignificantSubdomainCustom",0,0,"","","System"
"22.8.13.22.altinityfips","dictGetInt16OrDefault",0,0,"","","System"
"22.8.13.22.altinityfips","simpleJSONExtractInt",0,0,"","","System"
"22.8.13.22.altinityfips","indexHint",0,0,"","","System"
"22.8.13.22.altinityfips","toMinute",0,0,"","","System"
"22.8.13.22.altinityfips","countSubstringsCaseInsensitive",0,0,"","","System"
"22.8.13.22.altinityfips","tupleToNameValuePairs",0,0,"","","System"
"22.8.13.22.altinityfips","tupleMultiplyByNumber",0,0,"","","System"
"22.8.13.22.altinityfips","addMonths",0,0,"","","System"
"22.8.13.22.altinityfips","replaceRegexpOne",0,0,"","","System"
"22.8.13.22.altinityfips","has",0,0,"","","System"
"22.8.13.22.altinityfips","appendTrailingCharIfAbsent",0,0,"","","System"
"22.8.13.22.altinityfips","simpleJSONExtractRaw",0,0,"","","System"
"22.8.13.22.altinityfips","mapUpdate",0,0,"","","System"
"22.8.13.22.altinityfips","currentProfiles",0,0,"","","System"
"22.8.13.22.altinityfips","subtractDays",0,0,"","","System"
"22.8.13.22.altinityfips","buildId",0,0,"","","System"
"22.8.13.22.altinityfips","arrayJoin",0,0,"","","System"
"22.8.13.22.altinityfips","simpleJSONHas",0,0,"","","System"
"22.8.13.22.altinityfips","countSubstringsCaseInsensitiveUTF8",0,0,"","","System"
"22.8.13.22.altinityfips","h3ExactEdgeLengthM",0,0,"","","System"
"22.8.13.22.altinityfips","toUInt32OrNull",0,0,"","","System"
"22.8.13.22.altinityfips","accurateCast",0,0,"","","System"
"22.8.13.22.altinityfips","toInt64",0,0,"","","System"
"22.8.13.22.altinityfips","wkt",0,0,"","","System"
"22.8.13.22.altinityfips","arrayPushFront",0,0,"","","System"
"22.8.13.22.altinityfips","arrayFill",0,0,"","","System"
"22.8.13.22.altinityfips","erfc",0,0,"","","System"
"22.8.13.22.altinityfips","toIPv6OrNull",0,0,"","","System"
"22.8.13.22.altinityfips","cutToFirstSignificantSubdomainCustomWithWWW",0,0,"","","System"
"22.8.13.22.altinityfips","arraySort",0,0,"","","System"
"22.8.13.22.altinityfips","h3ToParent",0,0,"","","System"
"22.8.13.22.altinityfips","readWKTPoint",0,0,"","","System"
"22.8.13.22.altinityfips","rand64",0,0,"","","System"
"22.8.13.22.altinityfips","firstSignificantSubdomain",0,0,"","","System"
"22.8.13.22.altinityfips","h3HexAreaKm2",0,0,"","","System"
"22.8.13.22.altinityfips","IPv4StringToNumOrNull",0,0,"","","System"
"22.8.13.22.altinityfips","formatReadableQuantity",0,0,"","","System"
"22.8.13.22.altinityfips","arrayPopBack",0,0,"","","System"
"22.8.13.22.altinityfips","L2Norm",0,0,"","","System"
"22.8.13.22.altinityfips","addressToSymbol",0,0,"","","System"
"22.8.13.22.altinityfips","subtractMicroseconds",0,0,"","","System"
"22.8.13.22.altinityfips","decodeXMLComponent",0,0,"","","System"
"22.8.13.22.altinityfips","getMacro",0,0,"","","System"
"22.8.13.22.altinityfips","multiIf",0,0,"","","System"
"22.8.13.22.altinityfips","runningAccumulate",0,0,"","","System"
"22.8.13.22.altinityfips","ngramSearchCaseInsensitive",0,0,"","","System"
"22.8.13.22.altinityfips","h3ToCenterChild",0,0,"","","System"
"22.8.13.22.altinityfips","notIn",0,0,"","","System"
"22.8.13.22.altinityfips","URLHierarchy",0,0,"","","System"
"22.8.13.22.altinityfips","trimLeft",0,0,"","","System"
"22.8.13.22.altinityfips","toUInt16OrDefault",0,0,"","","System"
"22.8.13.22.altinityfips","SECOND",0,1,"","","System"
"22.8.13.22.altinityfips","polygonsIntersectionSpherical",0,0,"","","System"
"22.8.13.22.altinityfips","arrayProduct",0,0,"","","System"
"22.8.13.22.altinityfips","greatCircleAngle",0,0,"","","System"
"22.8.13.22.altinityfips","date_trunc",0,1,"","","System"
"22.8.13.22.altinityfips","sinh",0,0,"","","System"
"22.8.13.22.altinityfips","tupleDivide",0,0,"","","System"
"22.8.13.22.altinityfips","subtractMilliseconds",0,0,"","","System"
"22.8.13.22.altinityfips","arrayPopFront",0,0,"","","System"
"22.8.13.22.altinityfips","encrypt",0,0,"","","System"
"22.8.13.22.altinityfips","dictGetFloat32",0,0,"","","System"
"22.8.13.22.altinityfips","h3PointDistRads",0,0,"","","System"
"22.8.13.22.altinityfips","polygonsUnionSpherical",0,0,"","","System"
"22.8.13.22.altinityfips","arraySum",0,0,"","","System"
"22.8.13.22.altinityfips","sin",0,1,"","","System"
"22.8.13.22.altinityfips","convertCharset",0,0,"","","System"
"22.8.13.22.altinityfips","leftPad",0,0,"","","System"
"22.8.13.22.altinityfips","toDateTime64OrDefault",0,0,"","","System"
"22.8.13.22.altinityfips","multiFuzzyMatchAllIndices",0,0,"","","System"
"22.8.13.22.altinityfips","toStartOfSecond",0,0,"","","System"
"22.8.13.22.altinityfips","dictGet",0,0,"","","System"
"22.8.13.22.altinityfips","IPv6CIDRToRange",0,0,"","","System"
"22.8.13.22.altinityfips","cos",0,1,"","","System"
"22.8.13.22.altinityfips","hex",0,1,"","","System"
"22.8.13.22.altinityfips","h3ToGeo",0,0,"","","System"
"22.8.13.22.altinityfips","toDecimal256OrNull",0,0,"","","System"
"22.8.13.22.altinityfips","multiMatchAny",0,0,"","","System"
"22.8.13.22.altinityfips","arrayEnumerateDense",0,0,"","","System"
"22.8.13.22.altinityfips","DAYOFWEEK",0,1,"","","System"
"22.8.13.22.altinityfips","arrayFirstIndex",0,0,"","","System"
"22.8.13.22.altinityfips","__getScalar",0,0,"","","System"
"22.8.13.22.altinityfips","h3GetFaces",0,0,"","","System"
"22.8.13.22.altinityfips","toUnixTimestamp64Micro",0,0,"","","System"
"22.8.13.22.altinityfips","svg",0,0,"","","System"
"22.8.13.22.altinityfips","murmurHash3_32",0,0,"","","System"
"22.8.13.22.altinityfips","polygonConvexHullCartesian",0,0,"","","System"
"22.8.13.22.altinityfips","h3GetDestinationIndexFromUnidirectionalEdge",0,0,"","","System"
"22.8.13.22.altinityfips","parseDateTimeBestEffortUSOrZero",0,0,"","","System"
"22.8.13.22.altinityfips","toInt32OrNull",0,0,"","","System"
"22.8.13.22.altinityfips","array",0,0,"","","System"
"22.8.13.22.altinityfips","least",0,1,"","","System"
"22.8.13.22.altinityfips","toLowCardinality",0,0,"","","System"
"22.8.13.22.altinityfips","emptyArrayFloat64",0,0,"","","System"
"22.8.13.22.altinityfips","wordShingleMinHashArgUTF8",0,0,"","","System"
"22.8.13.22.altinityfips","timezone",0,0,"","","System"
"22.8.13.22.altinityfips","arrayMap",0,0,"","","System"
"22.8.13.22.altinityfips","countEqual",0,0,"","","System"
"22.8.13.22.altinityfips","or",0,0,"","","System"
"22.8.13.22.altinityfips","arrayExists",0,0,"","","System"
"22.8.13.22.altinityfips","toJSONString",0,0,"","","System"
"22.8.13.22.altinityfips","QUARTER",0,1,"","","System"
"22.8.13.22.altinityfips","truncate",0,1,"trunc","","System"
"22.8.13.22.altinityfips","ceiling",0,1,"ceil","","System"
"22.8.13.22.altinityfips","toStartOfFiveMinute",0,0,"toStartOfFiveMinutes","","System"
"22.8.13.22.altinityfips","toTimeZone",0,0,"toTimezone","","System"
"22.8.13.22.altinityfips","normL1",0,1,"L1Norm","","System"
"22.8.13.22.altinityfips","hostname",0,0,"hostName","","System"
"22.8.13.22.altinityfips","fromUnixTimestamp",0,0,"FROM_UNIXTIME","","System"
"22.8.13.22.altinityfips","distanceLp",0,1,"LpDistance","","System"
"22.8.13.22.altinityfips","ln",0,1,"log","","System"
"22.8.13.22.altinityfips","INET6_ATON",0,1,"IPv6StringToNum","","System"
"22.8.13.22.altinityfips","user",0,1,"currentUser","","System"
"22.8.13.22.altinityfips","lcase",0,1,"lower","","System"
"22.8.13.22.altinityfips","REGEXP_MATCHES",0,1,"match","","System"
"22.8.13.22.altinityfips","initial_query_id",0,1,"initialQueryID","","System"
"22.8.13.22.altinityfips","power",0,1,"pow","","System"
"22.8.13.22.altinityfips","normL2Squared",0,1,"L2SquaredNorm","","System"
"22.8.13.22.altinityfips","query_id",0,1,"queryID","","System"
"22.8.13.22.altinityfips","flatten",0,1,"arrayFlatten","","System"
"22.8.13.22.altinityfips","replace",0,1,"replaceAll","","System"
"22.8.13.22.altinityfips","yearweek",0,1,"toYearWeek","","System"
"22.8.13.22.altinityfips","REGEXP_REPLACE",0,1,"replaceRegexpAll","","System"
"22.8.13.22.altinityfips","mid",0,1,"substring","","System"
"22.8.13.22.altinityfips","INET6_NTOA",0,1,"IPv6NumToString","","System"
"22.8.13.22.altinityfips","normalizeL1",0,1,"L1Normalize","","System"
"22.8.13.22.altinityfips","lpad",0,1,"leftPad","","System"
"22.8.13.22.altinityfips","vectorDifference",0,1,"tupleMinus","","System"
"22.8.13.22.altinityfips","extractAllGroups",0,0,"extractAllGroupsVertical","","System"
"22.8.13.22.altinityfips","substr",0,1,"substring","","System"
"22.8.13.22.altinityfips","ucase",0,1,"upper","","System"
"22.8.13.22.altinityfips","distanceL1",0,1,"L1Distance","","System"
"22.8.13.22.altinityfips","INET_ATON",0,1,"IPv4StringToNum","","System"
"22.8.13.22.altinityfips","timeZoneOf",0,0,"timezoneOf","","System"
"22.8.13.22.altinityfips","INET_NTOA",0,1,"IPv4NumToString","","System"
"22.8.13.22.altinityfips","timeZoneOffset",0,0,"timezoneOffset","","System"
"22.8.13.22.altinityfips","SVG",0,0,"svg","","System"
"22.8.13.22.altinityfips","normalizeLinf",0,1,"LinfNormalize","","System"
"22.8.13.22.altinityfips","normalizeL2",0,1,"L2Normalize","","System"
"22.8.13.22.altinityfips","timeZone",0,0,"timezone","","System"
"22.8.13.22.altinityfips","locate",0,1,"position","","System"
"22.8.13.22.altinityfips","distanceLinf",0,1,"LinfDistance","","System"
"22.8.13.22.altinityfips","scalarProduct",0,1,"dotProduct","","System"
"22.8.13.22.altinityfips","vectorSum",0,1,"tuplePlus","","System"
"22.8.13.22.altinityfips","connection_id",0,1,"connectionid","","System"
"22.8.13.22.altinityfips","mod",0,1,"modulo","","System"
"22.8.13.22.altinityfips","distanceL2",0,1,"L2Distance","","System"
"22.8.13.22.altinityfips","normL2",0,1,"L2Norm","","System"
"22.8.13.22.altinityfips","dateTrunc",0,0,"date_trunc","","System"
"22.8.13.22.altinityfips","week",0,1,"toWeek","","System"
"22.8.13.22.altinityfips","normalizeLp",0,1,"LpNormalize","","System"
"22.8.13.22.altinityfips","rand32",0,0,"rand","","System"
"22.8.13.22.altinityfips","rpad",0,1,"rightPad","","System"
"22.8.13.22.altinityfips","normLp",0,1,"LpNorm","","System"
"22.8.13.22.altinityfips","normLinf",0,1,"LinfNorm","","System"
"22.8.13.22.altinityfips","yandexConsistentHash",0,0,"kostikConsistentHash","","System"
"22.8.13.22.altinityfips","distanceL2Squared",0,1,"L2SquaredDistance","","System"
"22.8.13.22.altinityfips","exponentialTimeDecayedCount",1,0,"","","System"
"22.8.13.22.altinityfips","exponentialTimeDecayedMax",1,0,"","","System"
"22.8.13.22.altinityfips","lagInFrame",1,0,"","","System"
"22.8.13.22.altinityfips","dense_rank",1,1,"","","System"
"22.8.13.22.altinityfips","rank",1,1,"","","System"
"22.8.13.22.altinityfips","exponentialMovingAverage",1,0,"","","System"
"22.8.13.22.altinityfips","sparkbar",1,0,"","","System"
"22.8.13.22.altinityfips","singleValueOrNull",1,0,"","","System"
"22.8.13.22.altinityfips","meanZTest",1,0,"","","System"
"22.8.13.22.altinityfips","studentTTest",1,0,"","","System"
"22.8.13.22.altinityfips","rankCorr",1,0,"","","System"
"22.8.13.22.altinityfips","aggThrow",1,0,"","","System"
"22.8.13.22.altinityfips","categoricalInformationValue",1,0,"","","System"
"22.8.13.22.altinityfips","groupArrayMovingAvg",1,0,"","","System"
"22.8.13.22.altinityfips","groupArrayMovingSum",1,0,"","","System"
"22.8.13.22.altinityfips","simpleLinearRegression",1,0,"","","System"
"22.8.13.22.altinityfips","entropy",1,0,"","","System"
"22.8.13.22.altinityfips","histogram",1,0,"","","System"
"22.8.13.22.altinityfips","mannWhitneyUTest",1,0,"","","System"
"22.8.13.22.altinityfips","maxIntersections",1,0,"","","System"
"22.8.13.22.altinityfips","groupBitmapXor",1,0,"","","System"
"22.8.13.22.altinityfips","groupBitmap",1,0,"","","System"
"22.8.13.22.altinityfips","contingency",1,0,"","","System"
"22.8.13.22.altinityfips","maxMappedArrays",1,0,"","","System"
"22.8.13.22.altinityfips","theilsU",1,0,"","","System"
"22.8.13.22.altinityfips","skewPop",1,0,"","","System"
"22.8.13.22.altinityfips","groupBitXor",1,0,"","","System"
"22.8.13.22.altinityfips","groupBitOr",1,0,"","","System"
"22.8.13.22.altinityfips","groupBitmapAnd",1,0,"","","System"
"22.8.13.22.altinityfips","exponentialTimeDecayedSum",1,0,"","","System"
"22.8.13.22.altinityfips","topKWeighted",1,0,"","","System"
"22.8.13.22.altinityfips","stochasticLinearRegression",1,0,"","","System"
"22.8.13.22.altinityfips","corr",1,1,"","","System"
"22.8.13.22.altinityfips","uniqCombined64",1,0,"","","System"
"22.8.13.22.altinityfips","cramersVBiasCorrected",1,0,"","","System"
"22.8.13.22.altinityfips","intervalLengthSum",1,0,"","","System"
"22.8.13.22.altinityfips","nothing",1,0,"","","System"
"22.8.13.22.altinityfips","uniqCombined",1,0,"","","System"
"22.8.13.22.altinityfips","quantileExactWeighted",1,0,"","","System"
"22.8.13.22.altinityfips","sumMapFilteredWithOverflow",1,0,"","","System"
"22.8.13.22.altinityfips","sumMapFiltered",1,0,"","","System"
"22.8.13.22.altinityfips","minMappedArrays",1,0,"","","System"
"22.8.13.22.altinityfips","sumMappedArrays",1,0,"","","System"
"22.8.13.22.altinityfips","quantiles",1,0,"","","System"
"22.8.13.22.altinityfips","sum",1,1,"","","System"
"22.8.13.22.altinityfips","covarPop",1,0,"","","System"
"22.8.13.22.altinityfips","row_number",1,1,"","","System"
"22.8.13.22.altinityfips","kurtPop",1,0,"","","System"
"22.8.13.22.altinityfips","kurtSamp",1,0,"","","System"
"22.8.13.22.altinityfips","cramersV",1,0,"","","System"
"22.8.13.22.altinityfips","skewSamp",1,0,"","","System"
"22.8.13.22.altinityfips","nonNegativeDerivative",1,0,"","","System"
"22.8.13.22.altinityfips","uniqExact",1,0,"","","System"
"22.8.13.22.altinityfips","sumMapWithOverflow",1,0,"","","System"
"22.8.13.22.altinityfips","stddevSamp",1,0,"","","System"
"22.8.13.22.altinityfips","varPop",1,0,"","","System"
"22.8.13.22.altinityfips","corrStable",1,0,"","","System"
"22.8.13.22.altinityfips","quantileTimingWeighted",1,0,"","","System"
"22.8.13.22.altinityfips","covarPopStable",1,0,"","","System"
"22.8.13.22.altinityfips","stddevSampStable",1,0,"","","System"
"22.8.13.22.altinityfips","varSamp",1,0,"","","System"
"22.8.13.22.altinityfips","topK",1,0,"","","System"
"22.8.13.22.altinityfips","last_value",1,1,"","","System"
"22.8.13.22.altinityfips","quantilesExact",1,0,"","","System"
"22.8.13.22.altinityfips","uniqHLL12",1,0,"","","System"
"22.8.13.22.altinityfips","quantileBFloat16",1,0,"","","System"
"22.8.13.22.altinityfips","uniq",1,0,"","","System"
"22.8.13.22.altinityfips","min",1,1,"","","System"
"22.8.13.22.altinityfips","sequenceNextNode",1,0,"","","System"
"22.8.13.22.altinityfips","quantilesTimingWeighted",1,0,"","","System"
"22.8.13.22.altinityfips","boundingRatio",1,0,"","","System"
"22.8.13.22.altinityfips","any",1,0,"","","System"
"22.8.13.22.altinityfips","anyLast",1,0,"","","System"
"22.8.13.22.altinityfips","deltaSum",1,0,"","","System"
"22.8.13.22.altinityfips","retention",1,0,"","","System"
"22.8.13.22.altinityfips","sequenceMatch",1,0,"","","System"
"22.8.13.22.altinityfips","uniqUpTo",1,0,"","","System"
"22.8.13.22.altinityfips","windowFunnel",1,0,"","","System"
"22.8.13.22.altinityfips","deltaSumTimestamp",1,0,"","","System"
"22.8.13.22.altinityfips","varSampStable",1,0,"","","System"
"22.8.13.22.altinityfips","uniqTheta",1,0,"","","System"
"22.8.13.22.altinityfips","quantilesExactWeighted",1,0,"","","System"
"22.8.13.22.altinityfips","max",1,1,"","","System"
"22.8.13.22.altinityfips","quantilesBFloat16Weighted",1,0,"","","System"
"22.8.13.22.altinityfips","quantileBFloat16Weighted",1,0,"","","System"
"22.8.13.22.altinityfips","sumKahan",1,0,"","","System"
"22.8.13.22.altinityfips","quantilesTDigestWeighted",1,0,"","","System"
"22.8.13.22.altinityfips","groupBitAnd",1,0,"","","System"
"22.8.13.22.altinityfips","quantileTDigest",1,0,"","","System"
"22.8.13.22.altinityfips","quantileTDigestWeighted",1,0,"","","System"
"22.8.13.22.altinityfips","nth_value",1,1,"","","System"
"22.8.13.22.altinityfips","argMax",1,0,"","","System"
"22.8.13.22.altinityfips","quantileDeterministic",1,0,"","","System"
"22.8.13.22.altinityfips","quantilesTDigest",1,0,"","","System"
"22.8.13.22.altinityfips","stochasticLogisticRegression",1,0,"","","System"
"22.8.13.22.altinityfips","argMin",1,0,"","","System"
"22.8.13.22.altinityfips","avg",1,1,"","","System"
"22.8.13.22.altinityfips","covarSampStable",1,0,"","","System"
"22.8.13.22.altinityfips","quantilesTiming",1,0,"","","System"
"22.8.13.22.altinityfips","welchTTest",1,0,"","","System"
"22.8.13.22.altinityfips","covarSamp",1,0,"","","System"
"22.8.13.22.altinityfips","varPopStable",1,0,"","","System"
"22.8.13.22.altinityfips","quantileTiming",1,0,"","","System"
"22.8.13.22.altinityfips","quantileExactInclusive",1,0,"","","System"
"22.8.13.22.altinityfips","quantileExactHigh",1,0,"","","System"
"22.8.13.22.altinityfips","groupArraySample",1,0,"","","System"
"22.8.13.22.altinityfips","quantilesExactLow",1,0,"","","System"
"22.8.13.22.altinityfips","groupBitmapOr",1,0,"","","System"
"22.8.13.22.altinityfips","first_value",1,1,"","","System"
"22.8.13.22.altinityfips","exponentialTimeDecayedAvg",1,0,"","","System"
"22.8.13.22.altinityfips","quantileExactExclusive",1,0,"","","System"
"22.8.13.22.altinityfips","quantileExact",1,0,"","","System"
"22.8.13.22.altinityfips","sumCount",1,0,"","","System"
"22.8.13.22.altinityfips","groupArrayInsertAt",1,0,"","","System"
"22.8.13.22.altinityfips","quantilesExactHigh",1,0,"","","System"
"22.8.13.22.altinityfips","sumWithOverflow",1,0,"","","System"
"22.8.13.22.altinityfips","sequenceCount",1,0,"","","System"
"22.8.13.22.altinityfips","quantilesDeterministic",1,0,"","","System"
"22.8.13.22.altinityfips","groupUniqArray",1,0,"","","System"
"22.8.13.22.altinityfips","groupArray",1,0,"","","System"
"22.8.13.22.altinityfips","anyHeavy",1,0,"","","System"
"22.8.13.22.altinityfips","stddevPop",1,0,"","","System"
"22.8.13.22.altinityfips","quantile",1,0,"","","System"
"22.8.13.22.altinityfips","leadInFrame",1,0,"","","System"
"22.8.13.22.altinityfips","quantilesExactExclusive",1,0,"","","System"
"22.8.13.22.altinityfips","count",1,1,"","","System"
"22.8.13.22.altinityfips","maxIntersectionsPosition",1,0,"","","System"
"22.8.13.22.altinityfips","quantilesBFloat16",1,0,"","","System"
"22.8.13.22.altinityfips","quantilesExactInclusive",1,0,"","","System"
"22.8.13.22.altinityfips","stddevPopStable",1,0,"","","System"
"22.8.13.22.altinityfips","quantileExactLow",1,0,"","","System"
"22.8.13.22.altinityfips","avgWeighted",1,0,"","","System"
"22.8.13.22.altinityfips","BIT_AND",1,1,"groupBitAnd","","System"
"22.8.13.22.altinityfips","VAR_SAMP",1,1,"varSamp","","System"
"22.8.13.22.altinityfips","COVAR_SAMP",1,1,"covarSamp","","System"
"22.8.13.22.altinityfips","VAR_POP",1,1,"varPop","","System"
"22.8.13.22.altinityfips","medianTDigest",1,0,"quantileTDigest","","System"
"22.8.13.22.altinityfips","medianBFloat16",1,0,"quantileBFloat16","","System"
"22.8.13.22.altinityfips","medianTimingWeighted",1,0,"quantileTimingWeighted","","System"
"22.8.13.22.altinityfips","medianTiming",1,0,"quantileTiming","","System"
"22.8.13.22.altinityfips","medianExactHigh",1,0,"quantileExactHigh","","System"
"22.8.13.22.altinityfips","BIT_OR",1,1,"groupBitOr","","System"
"22.8.13.22.altinityfips","medianDeterministic",1,0,"quantileDeterministic","","System"
"22.8.13.22.altinityfips","STDDEV_POP",1,1,"stddevPop","","System"
"22.8.13.22.altinityfips","STDDEV_SAMP",1,1,"stddevSamp","","System"
"22.8.13.22.altinityfips","medianExactLow",1,0,"quantileExactLow","","System"
"22.8.13.22.altinityfips","medianTDigestWeighted",1,0,"quantileTDigestWeighted","","System"
"22.8.13.22.altinityfips","medianExact",1,0,"quantileExact","","System"
"22.8.13.22.altinityfips","COVAR_POP",1,1,"covarPop","","System"
"22.8.13.22.altinityfips","medianBFloat16Weighted",1,0,"quantileBFloat16Weighted","","System"
"22.8.13.22.altinityfips","medianExactWeighted",1,0,"quantileExactWeighted","","System"
"22.8.13.22.altinityfips","BIT_XOR",1,1,"groupBitXor","","System"
"22.8.13.22.altinityfips","median",1,0,"quantile","","System"
