"ch_version","name","is_aggregate","case_insensitive","alias_to"
"21.8.10.19","logTrace",0,0,""
"21.8.10.19","aes_decrypt_mysql",0,0,""
"21.8.10.19","aes_encrypt_mysql",0,0,""
"21.8.10.19","decrypt",0,0,""
"21.8.10.19","encrypt",0,0,""
"21.8.10.19","bayesAB",0,0,""
"21.8.10.19","validateNestedArraySizes",0,0,""
"21.8.10.19","wordShingleMinHashArgCaseInsensitiveUTF8",0,0,""
"21.8.10.19","wordShingleMinHashArgUTF8",0,0,""
"21.8.10.19","wordShingleMinHashArgCaseInsensitive",0,0,""
"21.8.10.19","wordShingleMinHashArg",0,0,""
"21.8.10.19","ngramMinHashArgCaseInsensitiveUTF8",0,0,""
"21.8.10.19","ngramMinHashArgUTF8",0,0,""
"21.8.10.19","ngramMinHashArgCaseInsensitive",0,0,""
"21.8.10.19","ngramMinHashArg",0,0,""
"21.8.10.19","wordShingleMinHashCaseInsensitiveUTF8",0,0,""
"21.8.10.19","wordShingleMinHashUTF8",0,0,""
"21.8.10.19","ngramMinHashCaseInsensitiveUTF8",0,0,""
"21.8.10.19","ngramMinHashUTF8",0,0,""
"21.8.10.19","ngramMinHashCaseInsensitive",0,0,""
"21.8.10.19","wordShingleSimHashUTF8",0,0,""
"21.8.10.19","ngramSimHashUTF8",0,0,""
"21.8.10.19","ngramSimHashCaseInsensitive",0,0,""
"21.8.10.19","ngramSimHash",0,0,""
"21.8.10.19","toUnixTimestamp64Nano",0,0,""
"21.8.10.19","toUnixTimestamp64Micro",0,0,""
"21.8.10.19","jumpConsistentHash",0,0,""
"21.8.10.19","yandexConsistentHash",0,0,""
"21.8.10.19","addressToSymbol",0,0,""
"21.8.10.19","toJSONString",0,0,""
"21.8.10.19","JSON_VALUE",0,0,""
"21.8.10.19","JSONExtractKeysAndValuesRaw",0,0,""
"21.8.10.19","JSONExtractString",0,0,""
"21.8.10.19","JSONExtractFloat",0,0,""
"21.8.10.19","JSONKey",0,0,""
"21.8.10.19","isZeroOrNull",0,0,""
"21.8.10.19","assumeNotNull",0,0,""
"21.8.10.19","toUInt16",0,0,""
"21.8.10.19","isNotNull",0,0,""
"21.8.10.19","stringToH3",0,0,""
"21.8.10.19","toFloat32OrNull",0,0,""
"21.8.10.19","h3IndexesAreNeighbors",0,0,""
"21.8.10.19","h3ToParent",0,0,""
"21.8.10.19","murmurHash2_64",0,0,""
"21.8.10.19","h3GetBaseCell",0,0,""
"21.8.10.19","h3GetResolution",0,0,""
"21.8.10.19","h3EdgeLengthM",0,0,""
"21.8.10.19","svg",0,0,""
"21.8.10.19","equals",0,0,""
"21.8.10.19","geohashesInBox",0,0,""
"21.8.10.19","polygonsIntersectionCartesian",0,0,""
"21.8.10.19","polygonPerimeterSpherical",0,0,""
"21.8.10.19","bitHammingDistance",0,0,""
"21.8.10.19","polygonsDistanceSpherical",0,0,""
"21.8.10.19","polygonsSymDifferenceSpherical",0,0,""
"21.8.10.19","polygonAreaSpherical",0,0,""
"21.8.10.19","toInt256OrZero",0,0,""
"21.8.10.19","pointInPolygon",0,0,""
"21.8.10.19","greatCircleDistance",0,0,""
"21.8.10.19","mapKeys",0,0,""
"21.8.10.19","toInt256",0,0,""
"21.8.10.19","sign",0,1,""
"21.8.10.19","reinterpretAsUInt8",0,0,""
"21.8.10.19","atanh",0,0,""
"21.8.10.19","formatReadableTimeDelta",0,0,""
"21.8.10.19","geohashEncode",0,0,""
"21.8.10.19","atan2",0,1,""
"21.8.10.19","acos",0,1,""
"21.8.10.19","SHA224",0,0,""
"21.8.10.19","visitParamExtractBool",0,0,""
"21.8.10.19","h3kRing",0,0,""
"21.8.10.19","asin",0,1,""
"21.8.10.19","sin",0,1,""
"21.8.10.19","reinterpretAsUInt128",0,0,""
"21.8.10.19","lgamma",0,0,""
"21.8.10.19","log2",0,1,""
"21.8.10.19","geoToH3",0,0,""
"21.8.10.19","toUnixTimestamp64Milli",0,0,""
"21.8.10.19","firstSignificantSubdomainCustom",0,0,""
"21.8.10.19","simpleJSONExtractBool",0,0,""
"21.8.10.19","visitParamExtractFloat",0,0,""
"21.8.10.19","visitParamExtractInt",0,0,""
"21.8.10.19","simpleJSONHas",0,0,""
"21.8.10.19","visitParamHas",0,0,""
"21.8.10.19","sigmoid",0,0,""
"21.8.10.19","cutQueryStringAndFragment",0,0,""
"21.8.10.19","dictGetInt16OrDefault",0,0,""
"21.8.10.19","cutToFirstSignificantSubdomainCustom",0,0,""
"21.8.10.19","URLHierarchy",0,0,""
"21.8.10.19","extractURLParameterNames",0,0,""
"21.8.10.19","toDecimal128OrZero",0,0,""
"21.8.10.19","extractURLParameters",0,0,""
"21.8.10.19","path",0,0,""
"21.8.10.19","pathFull",0,0,""
"21.8.10.19","port",0,0,""
"21.8.10.19","domain",0,0,""
"21.8.10.19","bitTest",0,0,""
"21.8.10.19","ngramSearchCaseInsensitiveUTF8",0,0,""
"21.8.10.19","bitmapMax",0,0,""
"21.8.10.19","ngramDistanceCaseInsensitiveUTF8",0,0,""
"21.8.10.19","ngramDistance",0,0,""
"21.8.10.19","extractAllGroupsHorizontal",0,0,""
"21.8.10.19","extractAllGroupsVertical",0,0,""
"21.8.10.19","multiFuzzyMatchAllIndices",0,0,""
"21.8.10.19","multiFuzzyMatchAnyIndex",0,0,""
"21.8.10.19","multiMatchAnyIndex",0,0,""
"21.8.10.19","replaceRegexpAll",0,0,""
"21.8.10.19","emptyArrayInt16",0,0,""
"21.8.10.19","dictGetOrDefault",0,0,""
"21.8.10.19","replaceOne",0,0,""
"21.8.10.19","emptyArrayInt32",0,0,""
"21.8.10.19","extract",0,0,""
"21.8.10.19","readWktPolygon",0,0,""
"21.8.10.19","notILike",0,0,""
"21.8.10.19","geohashDecode",0,0,""
"21.8.10.19","toModifiedJulianDay",0,0,""
"21.8.10.19","notLike",0,0,""
"21.8.10.19","countSubstringsCaseInsensitive",0,0,""
"21.8.10.19","IPv4StringToNum",0,0,""
"21.8.10.19","positionUTF8",0,0,""
"21.8.10.19","hasToken",0,0,""
"21.8.10.19","dictGetDate",0,0,""
"21.8.10.19","multiSearchFirstPosition",0,0,""
"21.8.10.19","multiSearchFirstIndexCaseInsensitiveUTF8",0,0,""
"21.8.10.19","atan",0,1,""
"21.8.10.19","rowNumberInAllBlocks",0,0,""
"21.8.10.19","multiSearchFirstIndexCaseInsensitive",0,0,""
"21.8.10.19","runningDifference",0,0,""
"21.8.10.19","JSONHas",0,0,""
"21.8.10.19","multiSearchAnyUTF8",0,0,""
"21.8.10.19","parseDateTime32BestEffortOrZero",0,0,""
"21.8.10.19","blockNumber",0,0,""
"21.8.10.19","cutURLParameter",0,0,""
"21.8.10.19","multiSearchFirstPositionCaseInsensitive",0,0,""
"21.8.10.19","positionCaseInsensitiveUTF8",0,0,""
"21.8.10.19","positionCaseInsensitive",0,0,""
"21.8.10.19","splitByRegexp",0,0,""
"21.8.10.19","tryBase64Decode",0,0,""
"21.8.10.19","multiSearchAllPositions",0,0,""
"21.8.10.19","FROM_BASE64",0,1,""
"21.8.10.19","replaceRegexpOne",0,0,""
"21.8.10.19","defaultValueOfArgumentType",0,0,""
"21.8.10.19","base64Decode",0,0,""
"21.8.10.19","regionToContinent",0,0,""
"21.8.10.19","ilike",0,0,""
"21.8.10.19","fromModifiedJulianDay",0,0,""
"21.8.10.19","TO_BASE64",0,1,""
"21.8.10.19","dictIsIn",0,0,""
"21.8.10.19","base64Encode",0,0,""
"21.8.10.19","decodeXMLComponent",0,0,""
"21.8.10.19","INET6_ATON",0,1,""
"21.8.10.19","countMatchesCaseInsensitive",0,0,""
"21.8.10.19","normalizeQuery",0,0,""
"21.8.10.19","erf",0,0,""
"21.8.10.19","trimBoth",0,0,""
"21.8.10.19","fromUnixTimestamp64Nano",0,0,""
"21.8.10.19","lessOrEquals",0,0,""
"21.8.10.19","subtractQuarters",0,0,""
"21.8.10.19","ngramSearch",0,0,""
"21.8.10.19","readWktRing",0,0,""
"21.8.10.19","trimRight",0,0,""
"21.8.10.19","endsWith",0,0,""
"21.8.10.19","ngramDistanceCaseInsensitive",0,0,""
"21.8.10.19","connectionId",0,1,""
"21.8.10.19","startsWith",0,0,""
"21.8.10.19","tan",0,1,""
"21.8.10.19","substring",0,1,""
"21.8.10.19","formatRow",0,0,""
"21.8.10.19","dictGetHierarchy",0,0,""
"21.8.10.19","notEmpty",0,0,""
"21.8.10.19","format",0,0,""
"21.8.10.19","murmurHash3_64",0,0,""
"21.8.10.19","reverseUTF8",0,0,""
"21.8.10.19","arrayEnumerateUniqRanked",0,0,""
"21.8.10.19","CRC64",0,1,""
"21.8.10.19","pow",0,1,""
"21.8.10.19","toInt16",0,0,""
"21.8.10.19","reverse",0,1,""
"21.8.10.19","lower",0,1,""
"21.8.10.19","toStartOfDay",0,0,""
"21.8.10.19","caseWithoutExpr",0,0,""
"21.8.10.19","CHAR_LENGTH",0,1,""
"21.8.10.19","lengthUTF8",0,0,""
"21.8.10.19","length",0,1,""
"21.8.10.19","bitTestAny",0,0,""
"21.8.10.19","floor",0,1,""
"21.8.10.19","round",0,1,""
"21.8.10.19","reinterpretAsFixedString",0,0,""
"21.8.10.19","reinterpretAsString",0,0,""
"21.8.10.19","h3ToChildren",0,0,""
"21.8.10.19","emptyArrayToSingle",0,0,""
"21.8.10.19","tgamma",0,0,""
"21.8.10.19","reinterpretAsInt128",0,0,""
"21.8.10.19","visitParamExtractRaw",0,0,""
"21.8.10.19","reinterpretAsInt64",0,0,""
"21.8.10.19","reinterpretAsUInt32",0,0,""
"21.8.10.19","reinterpretAsUInt16",0,0,""
"21.8.10.19","fuzzBits",0,0,""
"21.8.10.19","randomFixedString",0,0,""
"21.8.10.19","tupleHammingDistance",0,0,""
"21.8.10.19","JSONExtractBool",0,0,""
"21.8.10.19","ngramSearchUTF8",0,0,""
"21.8.10.19","generateUUIDv4",0,0,""
"21.8.10.19","multiSearchAllPositionsCaseInsensitive",0,0,""
"21.8.10.19","randConstant",0,0,""
"21.8.10.19","firstSignificantSubdomain",0,0,""
"21.8.10.19","rand64",0,0,""
"21.8.10.19","leftPad",0,0,""
"21.8.10.19","convertCharset",0,0,""
"21.8.10.19","JSON_EXISTS",0,0,""
"21.8.10.19","isIPAddressInRange",0,0,""
"21.8.10.19","wordShingleSimHashCaseInsensitive",0,0,""
"21.8.10.19","parseDateTime32BestEffortOrNull",0,0,""
"21.8.10.19","cutToFirstSignificantSubdomainWithWWW",0,0,""
"21.8.10.19","roundToExp2",0,0,""
"21.8.10.19","mapSubtract",0,0,""
"21.8.10.19","partitionId",0,0,""
"21.8.10.19","intExp2",0,0,""
"21.8.10.19","byteSize",0,0,""
"21.8.10.19","errorCodeToName",0,0,""
"21.8.10.19","toDateTime64",0,0,""
"21.8.10.19","yesterday",0,0,""
"21.8.10.19","initializeAggregation",0,0,""
"21.8.10.19","globalVariable",0,0,""
"21.8.10.19","JSONType",0,0,""
"21.8.10.19","countDigits",0,0,""
"21.8.10.19","toStartOfHour",0,0,""
"21.8.10.19","toWeek",0,0,""
"21.8.10.19","isDecimalOverflow",0,0,""
"21.8.10.19","visitParamExtractString",0,0,""
"21.8.10.19","isConstant",0,0,""
"21.8.10.19","getSetting",0,0,""
"21.8.10.19","__getScalar",0,0,""
"21.8.10.19","parseDateTime64BestEffortOrNull",0,0,""
"21.8.10.19","coalesce",0,1,""
"21.8.10.19","position",0,1,""
"21.8.10.19","__bitBoolMaskOr",0,0,""
"21.8.10.19","cosh",0,0,""
"21.8.10.19","basename",0,0,""
"21.8.10.19","evalMLMethod",0,0,""
"21.8.10.19","filesystemFree",0,0,""
"21.8.10.19","filesystemCapacity",0,0,""
"21.8.10.19","reinterpretAsDate",0,0,""
"21.8.10.19","filesystemAvailable",0,0,""
"21.8.10.19","joinGet",0,0,""
"21.8.10.19","globalNullInIgnoreSet",0,0,""
"21.8.10.19","globalNotInIgnoreSet",0,0,""
"21.8.10.19","toRelativeDayNum",0,0,""
"21.8.10.19","splitByChar",0,0,""
"21.8.10.19","notInIgnoreSet",0,0,""
"21.8.10.19","globalInIgnoreSet",0,0,""
"21.8.10.19","notNullIn",0,0,""
"21.8.10.19","ngramSearchCaseInsensitive",0,0,""
"21.8.10.19","notIn",0,0,""
"21.8.10.19","trunc",0,1,""
"21.8.10.19","JSONExtractArrayRaw",0,0,""
"21.8.10.19","version",0,1,""
"21.8.10.19","joinGetOrNull",0,0,""
"21.8.10.19","globalIn",0,0,""
"21.8.10.19","lowCardinalityIndices",0,0,""
"21.8.10.19","toLowCardinality",0,0,""
"21.8.10.19","runningConcurrency",0,0,""
"21.8.10.19","runningDifferenceStartingWithFirstValue",0,0,""
"21.8.10.19","replicate",0,0,""
"21.8.10.19","JSONExtractKeysAndValues",0,0,""
"21.8.10.19","bitCount",0,0,""
"21.8.10.19","timezoneOf",0,0,""
"21.8.10.19","timezone",0,0,""
"21.8.10.19","uptime",0,0,""
"21.8.10.19","isValidJSON",0,0,""
"21.8.10.19","pi",0,1,""
"21.8.10.19","extractTextFromHTML",0,0,""
"21.8.10.19","UUIDStringToNum",0,0,""
"21.8.10.19","roundDown",0,0,""
"21.8.10.19","IPv6NumToString",0,0,""
"21.8.10.19","throwIf",0,0,""
"21.8.10.19","ifNotFinite",0,0,""
"21.8.10.19","FROM_UNIXTIME",0,0,""
"21.8.10.19","isInfinite",0,0,""
"21.8.10.19","arrayProduct",0,0,""
"21.8.10.19","polygonsIntersectionSpherical",0,0,""
"21.8.10.19","toRelativeHourNum",0,0,""
"21.8.10.19","hasColumnInTable",0,0,""
"21.8.10.19","bar",0,0,""
"21.8.10.19","arrayJoin",0,0,""
"21.8.10.19","ngramDistanceUTF8",0,0,""
"21.8.10.19","identity",0,0,""
"21.8.10.19","subtractMonths",0,0,""
"21.8.10.19","JSONExtractInt",0,0,""
"21.8.10.19","indexHint",0,0,""
"21.8.10.19","ignore",0,0,""
"21.8.10.19","regionHierarchy",0,0,""
"21.8.10.19","toDateTime64OrNull",0,0,""
"21.8.10.19","polygonsWithinCartesian",0,0,""
"21.8.10.19","materialize",0,0,""
"21.8.10.19","sleepEachRow",0,0,""
"21.8.10.19","parseDateTimeBestEffortUSOrNull",0,0,""
"21.8.10.19","neighbor",0,0,""
"21.8.10.19","demangle",0,0,""
"21.8.10.19","concat",0,1,""
"21.8.10.19","formatReadableSize",0,0,""
"21.8.10.19","toNullable",0,0,""
"21.8.10.19","splitByString",0,0,""
"21.8.10.19","rowNumberInBlock",0,0,""
"21.8.10.19","blockSize",0,0,""
"21.8.10.19","defaultValueOfTypeName",0,0,""
"21.8.10.19","hiveHash",0,0,""
"21.8.10.19","randomStringUTF8",0,0,""
"21.8.10.19","blockSerializedSize",0,0,""
"21.8.10.19","visibleWidth",0,0,""
"21.8.10.19","JSONLength",0,0,""
"21.8.10.19","fullHostName",0,0,""
"21.8.10.19","hostName",0,0,""
"21.8.10.19","toUInt64OrZero",0,0,""
"21.8.10.19","dictGetUInt16",0,0,""
"21.8.10.19","DATABASE",0,1,""
"21.8.10.19","toUInt8OrZero",0,0,""
"21.8.10.19","reinterpretAsInt8",0,0,""
"21.8.10.19","not",0,1,""
"21.8.10.19","log1p",0,0,""
"21.8.10.19","and",0,0,""
"21.8.10.19","wordShingleMinHash",0,0,""
"21.8.10.19","arrayDifference",0,0,""
"21.8.10.19","arrayCumSumNonNegative",0,0,""
"21.8.10.19","wordShingleSimHash",0,0,""
"21.8.10.19","arrayCumSum",0,0,""
"21.8.10.19","arraySort",0,0,""
"21.8.10.19","dumpColumnStructure",0,0,""
"21.8.10.19","multiSearchFirstIndex",0,0,""
"21.8.10.19","arrayReverseSplit",0,0,""
"21.8.10.19","ifNull",0,1,""
"21.8.10.19","normalizeQueryKeepNames",0,0,""
"21.8.10.19","xxHash64",0,0,""
"21.8.10.19","in",0,0,""
"21.8.10.19","arrayReverseFill",0,0,""
"21.8.10.19","erfc",0,0,""
"21.8.10.19","cutToFirstSignificantSubdomainCustomWithWWW",0,0,""
"21.8.10.19","arrayFill",0,0,""
"21.8.10.19","substringUTF8",0,0,""
"21.8.10.19","arrayFirst",0,0,""
"21.8.10.19","arrayAvg",0,0,""
"21.8.10.19","cos",0,1,""
"21.8.10.19","arrayMax",0,0,""
"21.8.10.19","toColumnTypeName",0,0,""
"21.8.10.19","arrayMin",0,0,""
"21.8.10.19","toIntervalDay",0,0,""
"21.8.10.19","reinterpretAsFloat32",0,0,""
"21.8.10.19","arrayAll",0,0,""
"21.8.10.19","or",0,0,""
"21.8.10.19","arrayExists",0,0,""
"21.8.10.19","trimLeft",0,0,""
"21.8.10.19","arrayFilter",0,0,""
"21.8.10.19","arrayMap",0,0,""
"21.8.10.19","polygonsSymDifferenceCartesian",0,0,""
"21.8.10.19","gccMurmurHash",0,0,""
"21.8.10.19","exp2",0,0,""
"21.8.10.19","polygonPerimeterCartesian",0,0,""
"21.8.10.19","murmurHash3_128",0,0,""
"21.8.10.19","polygonConvexHullCartesian",0,0,""
"21.8.10.19","murmurHash3_32",0,0,""
"21.8.10.19","toStartOfTenMinutes",0,0,""
"21.8.10.19","murmurHash2_32",0,0,""
"21.8.10.19","globalNullIn",0,0,""
"21.8.10.19","javaHashUTF16LE",0,0,""
"21.8.10.19","h3ToString",0,0,""
"21.8.10.19","URLHash",0,0,""
"21.8.10.19","reinterpretAsInt16",0,0,""
"21.8.10.19","regionToCountry",0,0,""
"21.8.10.19","toUUID",0,0,""
"21.8.10.19","intHash32",0,0,""
"21.8.10.19","metroHash64",0,0,""
"21.8.10.19","arrayPushFront",0,0,""
"21.8.10.19","bitmapAndnotCardinality",0,0,""
"21.8.10.19","toFloat32",0,0,""
"21.8.10.19","sipHash64",0,0,""
"21.8.10.19","INET6_NTOA",0,1,""
"21.8.10.19","JSONExtractUInt",0,0,""
"21.8.10.19","arrayReduce",0,0,""
"21.8.10.19","SHA256",0,0,""
"21.8.10.19","array",0,0,""
"21.8.10.19","parseDateTimeBestEffortUSOrZero",0,0,""
"21.8.10.19","toInt32OrNull",0,0,""
"21.8.10.19","MD5",0,0,""
"21.8.10.19","randomString",0,0,""
"21.8.10.19","__bitBoolMaskAnd",0,0,""
"21.8.10.19","hasSubstr",0,0,""
"21.8.10.19","formatReadableQuantity",0,0,""
"21.8.10.19","replaceAll",0,0,""
"21.8.10.19","toIntervalWeek",0,0,""
"21.8.10.19","toRelativeSecondNum",0,0,""
"21.8.10.19","fromModifiedJulianDayOrNull",0,0,""
"21.8.10.19","toInt128OrZero",0,0,""
"21.8.10.19","bitmaskToList",0,0,""
"21.8.10.19","IPv6CIDRToRange",0,0,""
"21.8.10.19","toStartOfSecond",0,0,""
"21.8.10.19","dictGet",0,0,""
"21.8.10.19","empty",0,0,""
"21.8.10.19","dictGetStringOrDefault",0,0,""
"21.8.10.19","arrayZip",0,0,""
"21.8.10.19","dictGetUUIDOrDefault",0,0,""
"21.8.10.19","dictGetUInt64OrDefault",0,0,""
"21.8.10.19","wordShingleMinHashCaseInsensitive",0,0,""
"21.8.10.19","dictGetDateOrDefault",0,0,""
"21.8.10.19","dictGetFloat64OrDefault",0,0,""
"21.8.10.19","dictGetInt64OrDefault",0,0,""
"21.8.10.19","today",0,0,""
"21.8.10.19","dictGetUInt32OrDefault",0,0,""
"21.8.10.19","countSubstringsCaseInsensitiveUTF8",0,0,""
"21.8.10.19","dictGetUInt16OrDefault",0,0,""
"21.8.10.19","dictGetDescendants",0,0,""
"21.8.10.19","dictGetString",0,0,""
"21.8.10.19","inIgnoreSet",0,0,""
"21.8.10.19","dictGetUUID",0,0,""
"21.8.10.19","arraySlice",0,0,""
"21.8.10.19","reinterpretAsInt32",0,0,""
"21.8.10.19","dictGetFloat64",0,0,""
"21.8.10.19","dictGetUInt64",0,0,""
"21.8.10.19","globalNotNullInIgnoreSet",0,0,""
"21.8.10.19","arrayUniq",0,0,""
"21.8.10.19","polygonAreaCartesian",0,0,""
"21.8.10.19","intDiv",0,0,""
"21.8.10.19","cityHash64",0,0,""
"21.8.10.19","regionToTopContinent",0,0,""
"21.8.10.19","toInt32",0,0,""
"21.8.10.19","e",0,0,""
"21.8.10.19","wordShingleSimHashCaseInsensitiveUTF8",0,0,""
"21.8.10.19","formatRowNoNewline",0,0,""
"21.8.10.19","UUIDNumToString",0,0,""
"21.8.10.19","JSON_QUERY",0,0,""
"21.8.10.19","isIPv4String",0,0,""
"21.8.10.19","modulo",0,0,""
"21.8.10.19","reinterpret",0,0,""
"21.8.10.19","unbin",0,1,""
"21.8.10.19","regionToDistrict",0,0,""
"21.8.10.19","sinh",0,0,""
"21.8.10.19","date_trunc",0,1,""
"21.8.10.19","__bitSwapLastTwo",0,0,""
"21.8.10.19","formatDateTime",0,0,""
"21.8.10.19","cutQueryString",0,0,""
"21.8.10.19","subtractYears",0,0,""
"21.8.10.19","tcpPort",0,0,""
"21.8.10.19","subtractHours",0,0,""
"21.8.10.19","tid",0,0,""
"21.8.10.19","toDateTime64OrZero",0,0,""
"21.8.10.19","subtractSeconds",0,0,""
"21.8.10.19","alphaTokens",0,0,""
"21.8.10.19","negate",0,0,""
"21.8.10.19","modelEvaluate",0,0,""
"21.8.10.19","file",0,0,""
"21.8.10.19","roundAge",0,0,""
"21.8.10.19","MACStringToOUI",0,0,""
"21.8.10.19","addQuarters",0,0,""
"21.8.10.19","arrayResize",0,0,""
"21.8.10.19","addWeeks",0,0,""
"21.8.10.19","HOUR",0,1,""
"21.8.10.19","addHours",0,0,""
"21.8.10.19","visitParamExtractUInt",0,0,""
"21.8.10.19","caseWithExpression",0,0,""
"21.8.10.19","rand",0,1,""
"21.8.10.19","addSeconds",0,0,""
"21.8.10.19","arrayStringConcat",0,0,""
"21.8.10.19","randomPrintableASCII",0,0,""
"21.8.10.19","h3HexAreaM2",0,0,""
"21.8.10.19","toYYYYMMDDhhmmss",0,0,""
"21.8.10.19","toInt16OrNull",0,0,""
"21.8.10.19","timeSlots",0,0,""
"21.8.10.19","timeSlot",0,0,""
"21.8.10.19","dictGetInt16",0,0,""
"21.8.10.19","queryString",0,0,""
"21.8.10.19","javaHash",0,0,""
"21.8.10.19","acosh",0,0,""
"21.8.10.19","toRelativeMinuteNum",0,0,""
"21.8.10.19","toStartOfFiveMinute",0,0,""
"21.8.10.19","emptyArrayUInt8",0,0,""
"21.8.10.19","dictGetUInt8",0,0,""
"21.8.10.19","simpleJSONExtractFloat",0,0,""
"21.8.10.19","reinterpretAsUUID",0,0,""
"21.8.10.19","toInt8OrNull",0,0,""
"21.8.10.19","toStartOfISOYear",0,0,""
"21.8.10.19","regionToPopulation",0,0,""
"21.8.10.19","dictGetDateTimeOrDefault",0,0,""
"21.8.10.19","greater",0,0,""
"21.8.10.19","toRelativeMonthNum",0,0,""
"21.8.10.19","toRelativeYearNum",0,0,""
"21.8.10.19","unhex",0,1,""
"21.8.10.19","getSizeOfEnumType",0,0,""
"21.8.10.19","toStartOfInterval",0,0,""
"21.8.10.19","toYYYYMMDD",0,0,""
"21.8.10.19","multiSearchFirstPositionUTF8",0,0,""
"21.8.10.19","CRC32",0,1,""
"21.8.10.19","toStartOfFifteenMinutes",0,0,""
"21.8.10.19","cbrt",0,0,""
"21.8.10.19","toStartOfMinute",0,0,""
"21.8.10.19","hasTokenCaseInsensitive",0,0,""
"21.8.10.19","toStartOfYear",0,0,""
"21.8.10.19","farmHash64",0,0,""
"21.8.10.19","toStartOfMonth",0,0,""
"21.8.10.19","arrayElement",0,0,""
"21.8.10.19","sleep",0,0,""
"21.8.10.19","toDecimal32OrNull",0,0,""
"21.8.10.19","multiFuzzyMatchAny",0,0,""
"21.8.10.19","toStartOfWeek",0,0,""
"21.8.10.19","isValidUTF8",0,0,""
"21.8.10.19","dictGetInt8",0,0,""
"21.8.10.19","dictHas",0,0,""
"21.8.10.19","dictGetInt32OrDefault",0,0,""
"21.8.10.19","toMonday",0,0,""
"21.8.10.19","multiSearchFirstIndexUTF8",0,0,""
"21.8.10.19","lowCardinalityKeys",0,0,""
"21.8.10.19","halfMD5",0,0,""
"21.8.10.19","domainWithoutWWW",0,0,""
"21.8.10.19","MINUTE",0,1,""
"21.8.10.19","addDays",0,0,""
"21.8.10.19","toMinute",0,0,""
"21.8.10.19","JSONExtractRaw",0,0,""
"21.8.10.19","toUInt16OrNull",0,0,""
"21.8.10.19","bin",0,1,""
"21.8.10.19","toDayOfYear",0,0,""
"21.8.10.19","log",0,1,""
"21.8.10.19","DAYOFMONTH",0,1,""
"21.8.10.19","toUInt32",0,0,""
"21.8.10.19","toDecimal32",0,0,""
"21.8.10.19","dictGetFloat32OrDefault",0,0,""
"21.8.10.19","xxHash32",0,0,""
"21.8.10.19","DAY",0,1,""
"21.8.10.19","toISOWeek",0,0,""
"21.8.10.19","ngramMinHash",0,0,""
"21.8.10.19","toMonth",0,0,""
"21.8.10.19","countMatches",0,0,""
"21.8.10.19","toQuarter",0,0,""
"21.8.10.19","toISOYear",0,0,""
"21.8.10.19","YEAR",0,1,""
"21.8.10.19","toIntervalYear",0,0,""
"21.8.10.19","toSecond",0,0,""
"21.8.10.19","reinterpretAsUInt64",0,0,""
"21.8.10.19","toIntervalMonth",0,0,""
"21.8.10.19","isFinite",0,0,""
"21.8.10.19","toDayOfWeek",0,0,""
"21.8.10.19","bitRotateRight",0,0,""
"21.8.10.19","arrayReverseSort",0,0,""
"21.8.10.19","toInt8OrZero",0,0,""
"21.8.10.19","SHA1",0,0,""
"21.8.10.19","tanh",0,1,""
"21.8.10.19","dateDiff",0,1,""
"21.8.10.19","multiSearchFirstPositionCaseInsensitiveUTF8",0,0,""
"21.8.10.19","cutFragment",0,0,""
"21.8.10.19","toDecimal256",0,0,""
"21.8.10.19","toIntervalSecond",0,0,""
"21.8.10.19","normalizedQueryHashKeepNames",0,0,""
"21.8.10.19","toUInt256OrZero",0,0,""
"21.8.10.19","toStringCutToZero",0,0,""
"21.8.10.19","bitShiftRight",0,0,""
"21.8.10.19","JSONExtract",0,0,""
"21.8.10.19","toIntervalHour",0,0,""
"21.8.10.19","bitmapSubsetLimit",0,0,""
"21.8.10.19","parseDateTimeBestEffortOrNull",0,0,""
"21.8.10.19","match",0,0,""
"21.8.10.19","fragment",0,0,""
"21.8.10.19","repeat",0,1,""
"21.8.10.19","parseDateTimeBestEffortOrZero",0,0,""
"21.8.10.19","toDecimal128OrNull",0,0,""
"21.8.10.19","parseDateTimeBestEffort",0,0,""
"21.8.10.19","simpleJSONExtractUInt",0,0,""
"21.8.10.19","multiMatchAny",0,0,""
"21.8.10.19","toDecimal256OrNull",0,0,""
"21.8.10.19","roundDuration",0,0,""
"21.8.10.19","addMinutes",0,0,""
"21.8.10.19","toStartOfQuarter",0,0,""
"21.8.10.19","exp10",0,0,""
"21.8.10.19","regionIn",0,0,""
"21.8.10.19","toDecimal64OrNull",0,0,""
"21.8.10.19","toDateTimeOrNull",0,0,""
"21.8.10.19","toInt256OrNull",0,0,""
"21.8.10.19","leftPadUTF8",0,0,""
"21.8.10.19","regionToArea",0,0,""
"21.8.10.19","toInt64OrNull",0,0,""
"21.8.10.19","toModifiedJulianDayOrNull",0,0,""
"21.8.10.19","toUInt64OrNull",0,0,""
"21.8.10.19","polygonsEqualsCartesian",0,0,""
"21.8.10.19","accurateCast",0,0,""
"21.8.10.19","toUInt32OrNull",0,0,""
"21.8.10.19","encodeXMLComponent",0,0,""
"21.8.10.19","timezoneOffset",0,0,""
"21.8.10.19","transform",0,0,""
"21.8.10.19","toUInt8OrNull",0,0,""
"21.8.10.19","toUUIDOrZero",0,0,""
"21.8.10.19","arrayEnumerateDenseRanked",0,0,""
"21.8.10.19","toYYYYMM",0,0,""
"21.8.10.19","toDecimal256OrZero",0,0,""
"21.8.10.19","fromUnixTimestamp64Milli",0,0,""
"21.8.10.19","CHARACTER_LENGTH",0,1,""
"21.8.10.19","isNull",0,1,""
"21.8.10.19","isNaN",0,0,""
"21.8.10.19","multiSearchAllPositionsCaseInsensitiveUTF8",0,0,""
"21.8.10.19","FQDN",0,1,""
"21.8.10.19","toDateTime32",0,0,""
"21.8.10.19","arraySplit",0,0,""
"21.8.10.19","toIPv6",0,0,""
"21.8.10.19","toDecimal32OrZero",0,0,""
"21.8.10.19","bitmapCardinality",0,0,""
"21.8.10.19","arrayFlatten",0,0,""
"21.8.10.19","dateName",0,1,""
"21.8.10.19","CAST",0,1,""
"21.8.10.19","caseWithExpr",0,0,""
"21.8.10.19","nullIf",0,1,""
"21.8.10.19","toDateTimeOrZero",0,0,""
"21.8.10.19","bitOr",0,0,""
"21.8.10.19","CRC32IEEE",0,1,""
"21.8.10.19","emptyArrayDate",0,0,""
"21.8.10.19","toUInt128OrZero",0,0,""
"21.8.10.19","toUInt128OrNull",0,0,""
"21.8.10.19","toFloat32OrZero",0,0,""
"21.8.10.19","SECOND",0,1,""
"21.8.10.19","arrayCompact",0,0,""
"21.8.10.19","bitmapMin",0,0,""
"21.8.10.19","toInt16OrZero",0,0,""
"21.8.10.19","reinterpretAsUInt256",0,0,""
"21.8.10.19","dictGetOrNull",0,0,""
"21.8.10.19","map",0,0,""
"21.8.10.19","bitmapHasAny",0,0,""
"21.8.10.19","emptyArrayUInt16",0,0,""
"21.8.10.19","cutIPv6",0,0,""
"21.8.10.19","toUInt32OrZero",0,0,""
"21.8.10.19","toTypeName",0,0,""
"21.8.10.19","polygonsUnionCartesian",0,0,""
"21.8.10.19","char",0,1,""
"21.8.10.19","mapContains",0,0,""
"21.8.10.19","emptyArrayDateTime",0,0,""
"21.8.10.19","toUInt16OrZero",0,0,""
"21.8.10.19","toInt64",0,0,""
"21.8.10.19","wkt",0,0,""
"21.8.10.19","toDecimal64",0,0,""
"21.8.10.19","toString",0,0,""
"21.8.10.19","arrayIntersect",0,0,""
"21.8.10.19","dictGetUInt8OrDefault",0,0,""
"21.8.10.19","now",0,1,""
"21.8.10.19","toTime",0,0,""
"21.8.10.19","hasAll",0,0,""
"21.8.10.19","parseDateTime64BestEffortOrZero",0,0,""
"21.8.10.19","rightPadUTF8",0,0,""
"21.8.10.19","emptyArrayInt64",0,0,""
"21.8.10.19","simpleJSONExtractInt",0,0,""
"21.8.10.19","toDecimal128",0,0,""
"21.8.10.19","toRelativeWeekNum",0,0,""
"21.8.10.19","toDateOrNull",0,0,""
"21.8.10.19","topLevelDomain",0,0,""
"21.8.10.19","greatest",0,1,""
"21.8.10.19","isIPv6String",0,0,""
"21.8.10.19","toHour",0,0,""
"21.8.10.19","toFixedString",0,0,""
"21.8.10.19","bitmapOrCardinality",0,0,""
"21.8.10.19","toInt128",0,0,""
"21.8.10.19","toDateOrZero",0,0,""
"21.8.10.19","arrayAUC",0,0,""
"21.8.10.19","hasThreadFuzzer",0,0,""
"21.8.10.19","multiMatchAllIndices",0,0,""
"21.8.10.19","emptyArrayUInt64",0,0,""
"21.8.10.19","toUInt128",0,0,""
"21.8.10.19","MACNumToString",0,0,""
"21.8.10.19","multiSearchAllPositionsUTF8",0,0,""
"21.8.10.19","toUInt8",0,0,""
"21.8.10.19","regionToCity",0,0,""
"21.8.10.19","DAYOFYEAR",0,1,""
"21.8.10.19","simpleJSONExtractRaw",0,0,""
"21.8.10.19","appendTrailingCharIfAbsent",0,0,""
"21.8.10.19","toUInt64",0,0,""
"21.8.10.19","regionToName",0,0,""
"21.8.10.19","IPv4NumToStringClassC",0,0,""
"21.8.10.19","upper",0,1,""
"21.8.10.19","greaterOrEquals",0,0,""
"21.8.10.19","toDate",0,0,""
"21.8.10.19","regexpQuoteMeta",0,0,""
"21.8.10.19","readWktMultiPolygon",0,0,""
"21.8.10.19","emptyArrayString",0,0,""
"21.8.10.19","bitmapOr",0,0,""
"21.8.10.19","cutWWW",0,0,""
"21.8.10.19","emptyArrayInt8",0,0,""
"21.8.10.19","less",0,0,""
"21.8.10.19","readWktPoint",0,0,""
"21.8.10.19","reinterpretAsDateTime",0,0,""
"21.8.10.19","notEquals",0,0,""
"21.8.10.19","nullInIgnoreSet",0,0,""
"21.8.10.19","globalNotNullIn",0,0,""
"21.8.10.19","arrayConcat",0,0,""
"21.8.10.19","mapPopulateSeries",0,0,""
"21.8.10.19","parseDateTimeBestEffortUS",0,0,""
"21.8.10.19","toDayOfMonth",0,0,""
"21.8.10.19","gcd",0,0,""
"21.8.10.19","protocol",0,0,""
"21.8.10.19","currentUser",0,0,""
"21.8.10.19","if",0,1,""
"21.8.10.19","caseWithoutExpression",0,0,""
"21.8.10.19","hypot",0,1,""
"21.8.10.19","multiSearchAny",0,0,""
"21.8.10.19","toIntervalQuarter",0,0,""
"21.8.10.19","log10",0,1,""
"21.8.10.19","toInt64OrZero",0,0,""
"21.8.10.19","multiply",0,0,""
"21.8.10.19","INET_ATON",0,1,""
"21.8.10.19","INET_NTOA",0,1,""
"21.8.10.19","arrayWithConstant",0,0,""
"21.8.10.19","IPv4NumToString",0,0,""
"21.8.10.19","dictGetUInt32",0,0,""
"21.8.10.19","multiSearchAnyCaseInsensitive",0,0,""
"21.8.10.19","countSubstrings",0,1,""
"21.8.10.19","reinterpretAsFloat64",0,0,""
"21.8.10.19","plus",0,0,""
"21.8.10.19","dictGetChildren",0,0,""
"21.8.10.19","toIntervalMinute",0,0,""
"21.8.10.19","bitRotateLeft",0,0,""
"21.8.10.19","geoDistance",0,0,""
"21.8.10.19","mapValues",0,0,""
"21.8.10.19","toIPv4",0,0,""
"21.8.10.19","xor",0,0,""
"21.8.10.19","bitPositionsToArray",0,0,""
"21.8.10.19","currentDatabase",0,0,""
"21.8.10.19","extractGroups",0,0,""
"21.8.10.19","toYearWeek",0,0,""
"21.8.10.19","polygonsDistanceCartesian",0,0,""
"21.8.10.19","lowerUTF8",0,0,""
"21.8.10.19","toUInt256OrNull",0,0,""
"21.8.10.19","IPv4CIDRToRange",0,0,""
"21.8.10.19","MACStringToNum",0,0,""
"21.8.10.19","toFloat64OrNull",0,0,""
"21.8.10.19","__bitWrapperFunc",0,0,""
"21.8.10.19","IPv4ToIPv6",0,0,""
"21.8.10.19","sipHash128",0,0,""
"21.8.10.19","toFloat64",0,0,""
"21.8.10.19","arrayPopFront",0,0,""
"21.8.10.19","bitmapAnd",0,0,""
"21.8.10.19","bitmapHasAll",0,0,""
"21.8.10.19","subtractWeeks",0,0,""
"21.8.10.19","arrayFirstIndex",0,0,""
"21.8.10.19","bitmapXorCardinality",0,0,""
"21.8.10.19","bitmapAndnot",0,0,""
"21.8.10.19","asinh",0,0,""
"21.8.10.19","dictGetInt32",0,0,""
"21.8.10.19","toFloat64OrZero",0,0,""
"21.8.10.19","toInt8",0,0,""
"21.8.10.19","polygonsWithinSpherical",0,0,""
"21.8.10.19","bitmapXor",0,0,""
"21.8.10.19","intExp10",0,0,""
"21.8.10.19","bitmapContains",0,0,""
"21.8.10.19","decodeURLComponent",0,0,""
"21.8.10.19","bitAnd",0,0,""
"21.8.10.19","toUUIDOrNull",0,0,""
"21.8.10.19","notNullInIgnoreSet",0,0,""
"21.8.10.19","tupleElement",0,0,""
"21.8.10.19","tuple",0,0,""
"21.8.10.19","upperUTF8",0,0,""
"21.8.10.19","multiSearchAnyCaseInsensitiveUTF8",0,0,""
"21.8.10.19","ceil",0,1,""
"21.8.10.19","DAYOFWEEK",0,1,""
"21.8.10.19","toDateTime",0,0,""
"21.8.10.19","bitNot",0,0,""
"21.8.10.19","rightPad",0,0,""
"21.8.10.19","has",0,0,""
"21.8.10.19","bitmapToArray",0,0,""
"21.8.10.19","arrayCount",0,0,""
"21.8.10.19","arrayDistinct",0,0,""
"21.8.10.19","greatCircleAngle",0,0,""
"21.8.10.19","IPv6StringToNum",0,0,""
"21.8.10.19","dictGetInt64",0,0,""
"21.8.10.19","toUnixTimestamp",0,0,""
"21.8.10.19","getMacro",0,0,""
"21.8.10.19","runningAccumulate",0,0,""
"21.8.10.19","multiIf",0,0,""
"21.8.10.19","extractURLParameter",0,0,""
"21.8.10.19","abs",0,1,""
"21.8.10.19","toValidUTF8",0,0,""
"21.8.10.19","arrayEnumerateUniq",0,0,""
"21.8.10.19","moduloLegacy",0,0,""
"21.8.10.19","cutToFirstSignificantSubdomain",0,0,""
"21.8.10.19","roundBankers",0,0,""
"21.8.10.19","toUInt256",0,0,""
"21.8.10.19","arrayEnumerateDense",0,0,""
"21.8.10.19","bitmapAndCardinality",0,0,""
"21.8.10.19","bitTestAll",0,0,""
"21.8.10.19","normalizedQueryHash",0,0,""
"21.8.10.19","toYear",0,0,""
"21.8.10.19","emptyArrayFloat64",0,0,""
"21.8.10.19","bitmapTransform",0,0,""
"21.8.10.19","sqrt",0,1,""
"21.8.10.19","minus",0,0,""
"21.8.10.19","QUARTER",0,1,""
"21.8.10.19","parseDateTime64BestEffort",0,0,""
"21.8.10.19","h3IsValid",0,0,""
"21.8.10.19","h3EdgeAngle",0,0,""
"21.8.10.19","concatAssumeInjective",0,0,""
"21.8.10.19","emptyArrayUInt32",0,0,""
"21.8.10.19","intHash64",0,0,""
"21.8.10.19","fromUnixTimestamp64Micro",0,0,""
"21.8.10.19","range",0,0,""
"21.8.10.19","subtractMinutes",0,0,""
"21.8.10.19","farmFingerprint64",0,0,""
"21.8.10.19","arrayReduceInRanges",0,0,""
"21.8.10.19","bitmapBuild",0,0,""
"21.8.10.19","bitmapSubsetInRange",0,0,""
"21.8.10.19","arrayPopBack",0,0,""
"21.8.10.19","hex",0,1,""
"21.8.10.19","arrayPushBack",0,0,""
"21.8.10.19","subtractDays",0,0,""
"21.8.10.19","buildId",0,0,""
"21.8.10.19","URLPathHierarchy",0,0,""
"21.8.10.19","addMonths",0,0,""
"21.8.10.19","parseDateTime32BestEffort",0,0,""
"21.8.10.19","indexOf",0,0,""
"21.8.10.19","polygonsUnionSpherical",0,0,""
"21.8.10.19","arraySum",0,0,""
"21.8.10.19","dictGetFloat32",0,0,""
"21.8.10.19","ngramSimHashCaseInsensitiveUTF8",0,0,""
"21.8.10.19","finalizeAggregation",0,0,""
"21.8.10.19","divide",0,0,""
"21.8.10.19","netloc",0,0,""
"21.8.10.19","bitShiftLeft",0,0,""
"21.8.10.19","toInt32OrZero",0,0,""
"21.8.10.19","extractAll",0,0,""
"21.8.10.19","moduloOrZero",0,0,""
"21.8.10.19","toInt128OrNull",0,0,""
"21.8.10.19","bitXor",0,0,""
"21.8.10.19","lcm",0,0,""
"21.8.10.19","accurateCastOrNull",0,0,""
"21.8.10.19","toTimezone",0,0,""
"21.8.10.19","bitmaskToArray",0,0,""
"21.8.10.19","simpleJSONExtractString",0,0,""
"21.8.10.19","least",0,1,""
"21.8.10.19","nullIn",0,0,""
"21.8.10.19","MONTH",0,1,""
"21.8.10.19","arrayReverse",0,0,""
"21.8.10.19","now64",0,1,""
"21.8.10.19","DATE",0,1,""
"21.8.10.19","addressToLine",0,0,""
"21.8.10.19","globalNotIn",0,0,""
"21.8.10.19","dictGetInt8OrDefault",0,0,""
"21.8.10.19","exp",0,1,""
"21.8.10.19","toRelativeQuarterNum",0,0,""
"21.8.10.19","arrayEnumerate",0,0,""
"21.8.10.19","dictGetDateTime",0,0,""
"21.8.10.19","mapAdd",0,0,""
"21.8.10.19","intDivOrZero",0,0,""
"21.8.10.19","addYears",0,0,""
"21.8.10.19","queryStringAndFragment",0,0,""
"21.8.10.19","emptyArrayFloat32",0,0,""
"21.8.10.19","countEqual",0,0,""
"21.8.10.19","pointInEllipses",0,0,""
"21.8.10.19","like",0,0,""
"21.8.10.19","toDecimal64OrZero",0,0,""
"21.8.10.19","reinterpretAsInt256",0,0,""
"21.8.10.19","hasAny",0,0,""
"21.8.10.19","power",0,1,"pow"
"21.8.10.19","ln",0,1,"log"
"21.8.10.19","replace",0,1,"replaceAll"
"21.8.10.19","locate",0,1,"position"
"21.8.10.19","rpad",0,1,"rightPad"
"21.8.10.19","mid",0,1,"substring"
"21.8.10.19","extractAllGroups",0,0,"extractAllGroupsVertical"
"21.8.10.19","lpad",0,1,"leftPad"
"21.8.10.19","substr",0,1,"substring"
"21.8.10.19","lcase",0,1,"lower"
"21.8.10.19","fromUnixTimestamp",0,0,"FROM_UNIXTIME"
"21.8.10.19","truncate",0,1,"trunc"
"21.8.10.19","ceiling",0,1,"ceil"
"21.8.10.19","ucase",0,1,"upper"
"21.8.10.19","rand32",0,0,"rand"
"21.8.10.19","timeZoneOf",0,0,"timezoneOf"
"21.8.10.19","timeZone",0,0,"timezone"
"21.8.10.19","hostname",0,0,"hostName"
"21.8.10.19","user",0,1,"currentUser"
"21.8.10.19","connection_id",0,1,"connectionid"
"21.8.10.19","timeZoneOffset",0,0,"timezoneOffset"
"21.8.10.19","yearweek",0,1,"toYearWeek"
"21.8.10.19","toTimeZone",0,0,"toTimezone"
"21.8.10.19","dateTrunc",0,0,"date_trunc"
"21.8.10.19","week",0,1,"toWeek"
"21.8.10.19","flatten",0,1,"arrayFlatten"
"21.8.10.19","mod",0,1,"modulo"
"21.8.10.19","lagInFrame",1,0,""
"21.8.10.19","dense_rank",1,0,""
"21.8.10.19","rank",1,0,""
"21.8.10.19","studentTTest",1,0,""
"21.8.10.19","aggThrow",1,0,""
"21.8.10.19","categoricalInformationValue",1,0,""
"21.8.10.19","groupArrayMovingAvg",1,0,""
"21.8.10.19","groupArrayMovingSum",1,0,""
"21.8.10.19","simpleLinearRegression",1,0,""
"21.8.10.19","entropy",1,0,""
"21.8.10.19","corr",1,1,""
"21.8.10.19","uniqCombined64",1,0,""
"21.8.10.19","stochasticLinearRegression",1,0,""
"21.8.10.19","sequenceMatch",1,0,""
"21.8.10.19","retention",1,0,""
"21.8.10.19","quantilesBFloat16",1,0,""
"21.8.10.19","maxIntersectionsPosition",1,0,""
"21.8.10.19","groupBitmapXor",1,0,""
"21.8.10.19","groupBitmap",1,0,""
"21.8.10.19","skewPop",1,0,""
"21.8.10.19","groupBitXor",1,0,""
"21.8.10.19","groupBitOr",1,0,""
"21.8.10.19","groupBitmapAnd",1,0,""
"21.8.10.19","topKWeighted",1,0,""
"21.8.10.19","intervalLengthSum",1,0,""
"21.8.10.19","uniqCombined",1,0,""
"21.8.10.19","rankCorr",1,0,""
"21.8.10.19","maxMap",1,0,""
"21.8.10.19","minMap",1,0,""
"21.8.10.19","sumMapFiltered",1,0,""
"21.8.10.19","quantileExactWeighted",1,0,""
"21.8.10.19","sumMapFilteredWithOverflow",1,0,""
"21.8.10.19","sumMap",1,0,""
"21.8.10.19","histogram",1,0,""
"21.8.10.19","quantiles",1,0,""
"21.8.10.19","sum",1,1,""
"21.8.10.19","covarPop",1,0,""
"21.8.10.19","row_number",1,0,""
"21.8.10.19","kurtPop",1,0,""
"21.8.10.19","kurtSamp",1,0,""
"21.8.10.19","skewSamp",1,0,""
"21.8.10.19","uniqExact",1,0,""
"21.8.10.19","sumMapWithOverflow",1,0,""
"21.8.10.19","stddevSamp",1,0,""
"21.8.10.19","varPop",1,0,""
"21.8.10.19","corrStable",1,0,""
"21.8.10.19","quantileTimingWeighted",1,0,""
"21.8.10.19","covarPopStable",1,0,""
"21.8.10.19","stddevSampStable",1,0,""
"21.8.10.19","varSamp",1,0,""
"21.8.10.19","topK",1,0,""
"21.8.10.19","last_value",1,1,""
"21.8.10.19","quantileExactExclusive",1,0,""
"21.8.10.19","first_value",1,1,""
"21.8.10.19","quantileTDigestWeighted",1,0,""
"21.8.10.19","quantileTDigest",1,0,""
"21.8.10.19","anyHeavy",1,0,""
"21.8.10.19","uniqTheta",1,0,""
"21.8.10.19","quantilesExactWeighted",1,0,""
"21.8.10.19","max",1,1,""
"21.8.10.19","mannWhitneyUTest",1,0,""
"21.8.10.19","maxIntersections",1,0,""
"21.8.10.19","quantilesExact",1,0,""
"21.8.10.19","uniqHLL12",1,0,""
"21.8.10.19","quantileBFloat16",1,0,""
"21.8.10.19","uniq",1,0,""
"21.8.10.19","min",1,1,""
"21.8.10.19","sequenceNextNode",1,0,""
"21.8.10.19","quantilesTimingWeighted",1,0,""
"21.8.10.19","boundingRatio",1,0,""
"21.8.10.19","any",1,0,""
"21.8.10.19","anyLast",1,0,""
"21.8.10.19","deltaSum",1,0,""
"21.8.10.19","uniqUpTo",1,0,""
"21.8.10.19","windowFunnel",1,0,""
"21.8.10.19","deltaSumTimestamp",1,0,""
"21.8.10.19","varSampStable",1,0,""
"21.8.10.19","sumKahan",1,0,""
"21.8.10.19","quantilesTDigestWeighted",1,0,""
"21.8.10.19","groupBitAnd",1,0,""
"21.8.10.19","argMax",1,0,""
"21.8.10.19","quantileDeterministic",1,0,""
"21.8.10.19","quantilesTDigest",1,0,""
"21.8.10.19","stochasticLogisticRegression",1,0,""
"21.8.10.19","argMin",1,0,""
"21.8.10.19","avg",1,1,""
"21.8.10.19","covarSampStable",1,0,""
"21.8.10.19","quantilesTiming",1,0,""
"21.8.10.19","welchTTest",1,0,""
"21.8.10.19","covarSamp",1,0,""
"21.8.10.19","varPopStable",1,0,""
"21.8.10.19","quantileTiming",1,0,""
"21.8.10.19","quantileExactInclusive",1,0,""
"21.8.10.19","quantileExactHigh",1,0,""
"21.8.10.19","groupArraySample",1,0,""
"21.8.10.19","quantilesExactLow",1,0,""
"21.8.10.19","groupBitmapOr",1,0,""
"21.8.10.19","quantileExact",1,0,""
"21.8.10.19","sumCount",1,0,""
"21.8.10.19","groupArrayInsertAt",1,0,""
"21.8.10.19","quantilesExactHigh",1,0,""
"21.8.10.19","sumWithOverflow",1,0,""
"21.8.10.19","sequenceCount",1,0,""
"21.8.10.19","quantilesDeterministic",1,0,""
"21.8.10.19","groupUniqArray",1,0,""
"21.8.10.19","groupArray",1,0,""
"21.8.10.19","stddevPop",1,0,""
"21.8.10.19","quantile",1,0,""
"21.8.10.19","leadInFrame",1,0,""
"21.8.10.19","quantilesExactExclusive",1,0,""
"21.8.10.19","count",1,1,""
"21.8.10.19","quantilesExactInclusive",1,0,""
"21.8.10.19","stddevPopStable",1,0,""
"21.8.10.19","quantileExactLow",1,0,""
"21.8.10.19","avgWeighted",1,0,""
"21.8.10.19","BIT_AND",1,1,"groupBitAnd"
"21.8.10.19","VAR_SAMP",1,1,"varSamp"
"21.8.10.19","COVAR_SAMP",1,1,"covarSamp"
"21.8.10.19","VAR_POP",1,1,"varPop"
"21.8.10.19","medianTDigest",1,0,"quantileTDigest"
"21.8.10.19","medianBFloat16",1,0,"quantileBFloat16"
"21.8.10.19","medianTimingWeighted",1,0,"quantileTimingWeighted"
"21.8.10.19","medianTiming",1,0,"quantileTiming"
"21.8.10.19","medianExactHigh",1,0,"quantileExactHigh"
"21.8.10.19","BIT_OR",1,1,"groupBitOr"
"21.8.10.19","medianDeterministic",1,0,"quantileDeterministic"
"21.8.10.19","STDDEV_POP",1,1,"stddevPop"
"21.8.10.19","STDDEV_SAMP",1,1,"stddevSamp"
"21.8.10.19","medianExactLow",1,0,"quantileExactLow"
"21.8.10.19","medianTDigestWeighted",1,0,"quantileTDigestWeighted"
"21.8.10.19","medianExact",1,0,"quantileExact"
"21.8.10.19","COVAR_POP",1,1,"covarPop"
"21.8.10.19","medianExactWeighted",1,0,"quantileExactWeighted"
"21.8.10.19","BIT_XOR",1,1,"groupBitXor"
"21.8.10.19","median",1,0,"quantile"
